step,agent_total_vehicles_passed,agent_total_fuel_consumption,agent_co2_emission,agent_accumulated_waiting_time
0.0,[0],[0.0],[0.0],[0.0]
7.0,[0],[0.0],[0.0],[0.0]
12.0,[0],[0.0],[0.0],[0.0]
19.0,[0],[0.0],[0.0],[0.0]
24.0,[0],[0.0],[0.0],[0.0]
31.0,[2],[744.9032632204373],[2335.419418344927],[0.0]
36.0,[2],[744.9032632204373],[2335.419418344927],[0.0]
43.0,[5],[4246.933116253538],[13315.301384043192],[0.0]
48.0,[6],[4246.933116253538],[13315.301384043192],[0.0]
55.0,[6],[4246.933116253538],[13315.301384043192],[0.0]
60.0,[10],[9094.89855369242],[28514.96298467903],[0.0]
67.0,[10],[9094.89855369242],[28514.96298467903],[0.0]
72.0,[10],[9094.89855369242],[28514.96298467903],[0.0]
79.0,[12],[9094.89855369242],[28514.96298467903],[2.0]
84.0,[12],[9094.89855369242],[28514.96298467903],[2.0]
91.0,[13],[9697.509490985829],[30404.211173783715],[2.0]
96.0,[15],[11597.845844939453],[36362.27276874173],[2.0]
103.0,[19],[13564.253147308082],[42527.475415381006],[5.0]
108.0,[21],[16450.768199233167],[51577.48929584272],[7.0]
115.0,[22],[18762.335995118294],[58824.84996282125],[7.0]
120.0,[23],[18762.335995118294],[58824.84996282125],[7.0]
127.0,[27],[18762.335995118294],[58824.84996282125],[13.0]
132.0,[29],[23093.357331448588],[72403.88388515785],[13.0]
139.0,[29],[23093.357331448588],[72403.88388515785],[13.0]
144.0,[33],[25539.613382791467],[80094.19243444283],[15.0]
151.0,[37],[27559.35119748003],[86426.61192057037],[20.0]
156.0,[37],[27559.35119748003],[86426.61192057037],[20.0]
163.0,[38],[27559.35119748003],[86426.61192057037],[20.0]
168.0,[40],[31524.72395208944],[98857.83018783794],[20.0]
175.0,[42],[31524.72395208944],[98857.83018783794],[36.0]
180.0,[43],[31524.72395208944],[98857.83018783794],[47.0]
187.0,[45],[36481.468205316174],[114398.5305481871],[52.0]
194.0,[46],[39802.461671346326],[124809.61288002471],[52.0]
201.0,[48],[42460.06355820227],[133142.1843353503],[52.0]
206.0,[49],[42460.06355820227],[133142.1843353503],[52.0]
213.0,[54],[54012.29367483144],[169359.74602031292],[81.0]
218.0,[57],[56224.30021136498],[176294.36771939904],[82.0]
225.0,[58],[57030.95712686353],[178823.3732958418],[82.0]
230.0,[61],[59988.49456615417],[188095.85596821937],[82.0]
237.0,[62],[59988.49456615417],[188095.85596821937],[82.0]
242.0,[63],[65281.74026230911],[204689.60025902433],[82.0]
249.0,[66],[68899.160552719],[216031.0554577071],[82.0]
254.0,[67],[69608.08128410215],[218253.65017939484],[82.0]
261.0,[70],[71607.22371529334],[224521.50869895084],[83.0]
266.0,[74],[71607.22371529334],[224521.50869895084],[85.0]
273.0,[75],[72517.9378124529],[227376.7676480575],[85.0]
278.0,[79],[80042.47825077357],[250965.39705977374],[85.0]
285.0,[82],[83152.41787196758],[260715.9549467751],[116.0]
290.0,[84],[84531.2362802314],[265038.89412798063],[118.0]
297.0,[90],[93362.38971802531],[292781.73270514293],[124.0]
302.0,[92],[96832.54974473055],[303661.57288391254],[173.0]
309.0,[94],[97537.70550624556],[305872.3676264545],[177.0]
314.0,[97],[97537.70550624556],[305872.3676264545],[177.0]
321.0,[102],[101374.77640807726],[317902.5639272786],[210.0]
328.0,[105],[104933.96525064825],[329061.55889182555],[210.0]
333.0,[108],[105981.09006481327],[332344.53502295393],[212.0]
340.0,[112],[113377.95126548805],[355534.22749370546],[237.0]
345.0,[112],[113377.95126548805],[355534.22749370546],[237.0]
352.0,[116],[114572.06324608321],[359278.05236562924],[237.0]
357.0,[117],[115113.37625136085],[360975.14341283194],[237.0]
364.0,[125],[121321.91431635089],[380440.6303265999],[260.0]
369.0,[128],[121321.91431635089],[380440.6303265999],[262.0]
376.0,[131],[121321.91431635089],[380440.6303265999],[286.0]
381.0,[134],[121850.13323996765],[382096.6437570163],[286.0]
388.0,[135],[125485.35158801671],[393494.08268194925],[312.0]
393.0,[138],[129568.72553802925],[406296.6442691181],[313.0]
400.0,[139],[129568.72553802925],[406296.6442691181],[313.0]
405.0,[142],[135262.62649727674],[424148.65326127183],[323.0]
412.0,[147],[135262.62649727674],[424148.65326127183],[339.0]
417.0,[150],[136725.03143217784],[428733.43936518696],[339.0]
424.0,[152],[136725.03143217784],[428733.43936518696],[346.0]
429.0,[155],[142540.4995834045],[446965.6146264197],[401.0]
436.0,[157],[147142.6701014847],[461394.7917501878],[402.0]
441.0,[157],[147142.6701014847],[461394.7917501878],[402.0]
448.0,[165],[151178.56508506066],[474048.3748950952],[405.0]
453.0,[169],[151649.0749679464],[475523.488942366],[406.0]
460.0,[171],[151649.0749679464],[475523.488942366],[406.0]
465.0,[172],[151649.0749679464],[475523.488942366],[408.0]
472.0,[174],[153000.69952684213],[479761.14060860133],[419.0]
477.0,[178],[153000.69952684213],[479761.14060860133],[451.0]
484.0,[181],[153000.69952684213],[479761.14060860133],[459.0]
489.0,[183],[153896.43658988408],[482569.4453352303],[482.0]
496.0,[187],[157755.36931758063],[494668.3376469975],[504.0]
503.0,[194],[168808.21171621926],[529320.0056875759],[590.0]
508.0,[194],[168808.21171621926],[529320.0056875759],[590.0]
515.0,[195],[168808.21171621926],[529320.0056875759],[594.0]
520.0,[199],[173966.62425081615],[545493.0564834814],[621.0]
527.0,[201],[178229.36539576817],[558858.0089279043],[628.0]
532.0,[202],[183630.9456593957],[575793.585690486],[637.0]
539.0,[204],[188792.1727530093],[591975.5545797466],[642.0]
544.0,[205],[193891.1502428928],[607962.3756241637],[647.0]
551.0,[212],[207163.58806292983],[649575.1797872733],[706.0]
558.0,[216],[214203.82112974295],[671648.3223233875],[760.0]
565.0,[219],[215471.60467026895],[675622.7225300935],[791.0]
570.0,[220],[215471.60467026895],[675622.7225300935],[818.0]
577.0,[222],[215471.60467026895],[675622.7225300935],[818.0]
582.0,[223],[216208.24460751022],[677932.2202947754],[818.0]
589.0,[224],[219891.41552812234],[689480.0433464271],[818.0]
594.0,[227],[219891.41552812234],[689480.0433464271],[826.0]
601.0,[231],[223620.359683728],[701171.2676057222],[838.0]
606.0,[233],[226866.58864782908],[711348.9935852689],[838.0]
613.0,[236],[228650.43176797355],[716941.8075193362],[850.0]
618.0,[239],[229309.13617941618],[719006.9636692076],[899.0]
625.0,[240],[229309.13617941618],[719006.9636692076],[921.0]
630.0,[242],[231158.2408952714],[724803.7411732256],[921.0]
637.0,[244],[231158.2408952714],[724803.7411732256],[1063.0]
642.0,[246],[231158.2408952714],[724803.7411732256],[1196.0]
649.0,[248],[231158.2408952714],[724803.7411732256],[1266.0]
654.0,[248],[231158.2408952714],[724803.7411732256],[1266.0]
661.0,[248],[231158.2408952714],[724803.7411732256],[1266.0]
666.0,[249],[236700.75871276433],[742178.5822613126],[1266.0]
673.0,[250],[236700.75871276433],[742178.5822613126],[1266.0]
678.0,[250],[236700.75871276433],[742178.5822613126],[1266.0]
685.0,[250],[236700.75871276433],[742178.5822613126],[1266.0]
690.0,[250],[236700.75871276433],[742178.5822613126],[1266.0]
697.0,[250],[236700.75871276433],[742178.5822613126],[1266.0]
702.0,[250],[236700.75871276433],[742178.5822613126],[1266.0]
709.0,[251],[238374.8049063317],[747427.1181093315],[1266.0]
714.0,[251],[238374.8049063317],[747427.1181093315],[1266.0]
721.0,[251],[238374.8049063317],[747427.1181093315],[1266.0]
726.0,[251],[238374.8049063317],[747427.1181093315],[1266.0]
733.0,[252],[238374.8049063317],[747427.1181093315],[1266.0]
738.0,[253],[241634.40493216485],[757645.8035749459],[1266.0]
745.0,[253],[241634.40493216485],[757645.8035749459],[1266.0]
750.0,[253],[241634.40493216485],[757645.8035749459],[1266.0]
757.0,[253],[241634.40493216485],[757645.8035749459],[1266.0]
762.0,[253],[241634.40493216485],[757645.8035749459],[1266.0]
769.0,[254],[241634.40493216485],[757645.8035749459],[1266.0]
774.0,[254],[241634.40493216485],[757645.8035749459],[1266.0]
781.0,[254],[241634.40493216485],[757645.8035749459],[1266.0]
786.0,[254],[241634.40493216485],[757645.8035749459],[1266.0]
793.0,[254],[241634.40493216485],[757645.8035749459],[1266.0]
798.0,[255],[241634.40493216485],[757645.8035749459],[1266.0]
805.0,[255],[241634.40493216485],[757645.8035749459],[1266.0]
810.0,[255],[241634.40493216485],[757645.8035749459],[1266.0]
817.0,[255],[241634.40493216485],[757645.8035749459],[1266.0]
822.0,[256],[246067.4596001004],[771543.008916803],[1269.0]
829.0,[256],[246067.4596001004],[771543.008916803],[1269.0]
834.0,[256],[246067.4596001004],[771543.008916803],[1269.0]
841.0,[257],[246067.4596001004],[771543.008916803],[1269.0]
846.0,[257],[246067.4596001004],[771543.008916803],[1269.0]
853.0,[257],[246067.4596001004],[771543.008916803],[1269.0]
858.0,[258],[255607.51413210676],[801449.8227006665],[1269.0]
865.0,[259],[256750.4796510275],[805032.9844969545],[1269.0]
870.0,[259],[256750.4796510275],[805032.9844969545],[1269.0]
877.0,[261],[260899.35122054644],[818039.3334525994],[1269.0]
882.0,[261],[260899.35122054644],[818039.3334525994],[1269.0]
889.0,[264],[263017.8953392675],[824681.0963069884],[1269.0]
894.0,[264],[263017.8953392675],[824681.0963069884],[1269.0]
901.0,[265],[263350.0647732811],[825722.3312737532],[1269.0]
906.0,[265],[263350.0647732811],[825722.3312737532],[1269.0]
913.0,[265],[263350.0647732811],[825722.3312737532],[1269.0]
918.0,[266],[263350.0647732811],[825722.3312737532],[1269.0]
925.0,[266],[263350.0647732811],[825722.3312737532],[1269.0]
930.0,[266],[263350.0647732811],[825722.3312737532],[1269.0]
937.0,[267],[263350.0647732811],[825722.3312737532],[1269.0]
942.0,[267],[263350.0647732811],[825722.3312737532],[1269.0]
949.0,[268],[270925.92870247987],[849471.7263655959],[1269.0]
956.0,[268],[270925.92870247987],[849471.7263655959],[1269.0]
961.0,[268],[270925.92870247987],[849471.7263655959],[1269.0]
968.0,[268],[270925.92870247987],[849471.7263655959],[1269.0]
973.0,[268],[270925.92870247987],[849471.7263655959],[1269.0]
980.0,[268],[270925.92870247987],[849471.7263655959],[1269.0]
985.0,[269],[270925.92870247987],[849471.7263655959],[1269.0]
992.0,[269],[270925.92870247987],[849471.7263655959],[1269.0]
997.0,[269],[270925.92870247987],[849471.7263655959],[1269.0]
1004.0,[269],[270925.92870247987],[849471.7263655959],[1269.0]
1009.0,[270],[270925.92870247987],[849471.7263655959],[1269.0]
1016.0,[271],[273264.609650031],[856803.2036768214],[1269.0]
1023.0,[271],[273264.609650031],[856803.2036768214],[1269.0]
1028.0,[271],[273264.609650031],[856803.2036768214],[1269.0]
1035.0,[271],[273264.609650031],[856803.2036768214],[1269.0]
1040.0,[271],[273264.609650031],[856803.2036768214],[1269.0]
1047.0,[271],[273264.609650031],[856803.2036768214],[1269.0]
1052.0,[272],[273264.609650031],[856803.2036768214],[1269.0]
1059.0,[272],[273264.609650031],[856803.2036768214],[1269.0]
1064.0,[273],[273264.609650031],[856803.2036768214],[1269.0]
1071.0,[275],[274173.4268954274],[859652.2509425993],[1269.0]
1076.0,[275],[274173.4268954274],[859652.2509425993],[1269.0]
1083.0,[276],[274173.4268954274],[859652.2509425993],[1269.0]
1088.0,[277],[274173.4268954274],[859652.2509425993],[1269.0]
1095.0,[277],[274173.4268954274],[859652.2509425993],[1269.0]
1100.0,[277],[274173.4268954274],[859652.2509425993],[1269.0]
1107.0,[278],[276735.44209990767],[867684.0833721245],[1269.0]
1114.0,[279],[277809.5990124087],[871051.8264424579],[1269.0]
1121.0,[279],[277809.5990124087],[871051.8264424579],[1269.0]
1126.0,[279],[277809.5990124087],[871051.8264424579],[1269.0]
1133.0,[279],[277809.5990124087],[871051.8264424579],[1269.0]
1138.0,[279],[277809.5990124087],[871051.8264424579],[1269.0]
1145.0,[280],[286621.4269580836],[898675.5148160977],[1270.0]
1152.0,[281],[286621.4269580836],[898675.5148160977],[1270.0]
1159.0,[282],[286621.4269580836],[898675.5148160977],[1270.0]
1164.0,[282],[286621.4269580836],[898675.5148160977],[1270.0]
1171.0,[283],[287875.22272172716],[902606.0922215349],[1270.0]
1178.0,[283],[287875.22272172716],[902606.0922215349],[1270.0]
1183.0,[283],[287875.22272172716],[902606.0922215349],[1270.0]
1190.0,[283],[287875.22272172716],[902606.0922215349],[1270.0]
1195.0,[284],[287875.22272172716],[902606.0922215349],[1270.0]
1202.0,[284],[287875.22272172716],[902606.0922215349],[1270.0]
1207.0,[284],[287875.22272172716],[902606.0922215349],[1270.0]
1214.0,[285],[287875.22272172716],[902606.0922215349],[1270.0]
1221.0,[286],[287875.22272172716],[902606.0922215349],[1270.0]
1228.0,[287],[293972.72066554567],[921720.964695059],[1270.0]
1235.0,[288],[294975.13362815266],[924863.9128950094],[1273.0]
1242.0,[288],[294975.13362815266],[924863.9128950094],[1273.0]
1247.0,[288],[294975.13362815266],[924863.9128950094],[1273.0]
1254.0,[289],[294975.13362815266],[924863.9128950094],[1273.0]
1259.0,[290],[296305.6400639634],[929035.1500208087],[1273.0]
1266.0,[292],[299079.5479831512],[937732.1162725141],[1273.0]
1273.0,[292],[299079.5479831512],[937732.1162725141],[1273.0]
1278.0,[292],[299079.5479831512],[937732.1162725141],[1273.0]
1285.0,[292],[299079.5479831512],[937732.1162725141],[1273.0]
1290.0,[292],[299079.5479831512],[937732.1162725141],[1273.0]
1297.0,[292],[299079.5479831512],[937732.1162725141],[1273.0]
1302.0,[293],[299079.5479831512],[937732.1162725141],[1273.0]
1309.0,[295],[299079.5479831512],[937732.1162725141],[1273.0]
1314.0,[296],[299079.5479831512],[937732.1162725141],[1273.0]
1321.0,[296],[299079.5479831512],[937732.1162725141],[1273.0]
1326.0,[296],[299079.5479831512],[937732.1162725141],[1273.0]
1333.0,[296],[299079.5479831512],[937732.1162725141],[1273.0]
1338.0,[296],[299079.5479831512],[937732.1162725141],[1273.0]
1345.0,[296],[299079.5479831512],[937732.1162725141],[1273.0]
1350.0,[297],[299428.33902269154],[938825.8983338531],[1273.0]
1357.0,[297],[299428.33902269154],[938825.8983338531],[1273.0]
1362.0,[298],[302184.33915775444],[947465.954372906],[1273.0]
1369.0,[298],[302184.33915775444],[947465.954372906],[1273.0]
1374.0,[298],[302184.33915775444],[947465.954372906],[1273.0]
1381.0,[298],[302184.33915775444],[947465.954372906],[1273.0]
1386.0,[298],[302184.33915775444],[947465.954372906],[1273.0]
1393.0,[298],[302184.33915775444],[947465.954372906],[1273.0]
1398.0,[300],[319060.32971002616],[1000950.2336849353],[1273.0]
1405.0,[300],[319060.32971002616],[1000950.2336849353],[1273.0]
1410.0,[301],[321207.32612168184],[1007680.7992130826],[1273.0]
1417.0,[302],[322873.75529895414],[1012905.4906531858],[1273.0]
1422.0,[303],[333114.2704871468],[1045459.257016365],[1273.0]
1429.0,[305],[340140.8831388513],[1067797.2814113798],[1273.0]
1434.0,[305],[340140.8831388513],[1067797.2814113798],[1273.0]
1441.0,[305],[340140.8831388513],[1067797.2814113798],[1273.0]
1446.0,[305],[340140.8831388513],[1067797.2814113798],[1273.0]
1453.0,[306],[345012.4136827142],[1083284.1050797347],[1273.0]
1460.0,[306],[345012.4136827142],[1083284.1050797347],[1273.0]
1465.0,[306],[345012.4136827142],[1083284.1050797347],[1273.0]
1472.0,[307],[349234.293227921],[1096519.041126904],[1273.0]
1479.0,[307],[349234.293227921],[1096519.041126904],[1273.0]
1484.0,[308],[349234.293227921],[1096519.041126904],[1273.0]
1491.0,[308],[349234.293227921],[1096519.041126904],[1273.0]
1496.0,[309],[349234.293227921],[1096519.041126904],[1273.0]
1503.0,[310],[349234.293227921],[1096519.041126904],[1273.0]
1508.0,[311],[349234.293227921],[1096519.041126904],[1273.0]
1515.0,[314],[362825.7269263737],[1139724.6084159818],[1273.0]
1520.0,[315],[365197.74110370915],[1147161.5191492878],[1273.0]
1527.0,[317],[370353.03545041865],[1163322.810768503],[1273.0]
1532.0,[319],[370353.03545041865],[1163322.810768503],[1273.0]
1539.0,[324],[370353.03545041865],[1163322.810768503],[1273.0]
1544.0,[325],[370353.03545041865],[1163322.810768503],[1273.0]
1551.0,[327],[376678.2920895139],[1183154.391819791],[1277.0]
1556.0,[329],[378240.3292707744],[1188051.7904095217],[1277.0]
1563.0,[329],[378240.3292707744],[1188051.7904095217],[1277.0]
1568.0,[334],[379437.0748186364],[1191803.8567561165],[1279.0]
1575.0,[339],[396163.2525592524],[1244449.4942438419],[1306.0]
1580.0,[341],[398606.4711837438],[1252109.6690204034],[1313.0]
1587.0,[346],[403515.9868489616],[1267502.3159000746],[1316.0]
1592.0,[347],[403515.9868489616],[1267502.3159000746],[1316.0]
1599.0,[349],[406370.7562523327],[1276452.8232060438],[1316.0]
1604.0,[350],[406370.7562523327],[1276452.8232060438],[1316.0]
1611.0,[354],[407534.77597761335],[1280102.214444279],[1329.0]
1616.0,[356],[407534.77597761335],[1280102.214444279],[1330.0]
1623.0,[358],[409885.6783297284],[1287472.9180141648],[1376.0]
1628.0,[364],[412584.4395539992],[1295934.221912988],[1376.0]
1635.0,[369],[413203.03671727754],[1297873.615974976],[1444.0]
1640.0,[373],[415756.33476591005],[1305878.901262294],[1444.0]
1647.0,[375],[425280.3614720569],[1336155.8105820634],[1446.0]
1652.0,[377],[425280.3614720569],[1336155.8105820634],[1449.0]
1659.0,[381],[425280.3614720569],[1336155.8105820634],[1449.0]
1664.0,[385],[428924.42403241363],[1347580.5103281657],[1449.0]
1671.0,[387],[429659.4345642003],[1349884.871578228],[1449.0]
1676.0,[389],[432150.63674911705],[1357695.473207394],[1449.0]
1683.0,[391],[432150.63674911705],[1357695.473207394],[1449.0]
1688.0,[393],[432150.63674911705],[1357695.473207394],[1449.0]
1695.0,[394],[434301.12956024957],[1364437.8298094226],[1502.0]
1702.0,[395],[434301.12956024957],[1364437.8298094226],[1502.0]
1709.0,[400],[437907.16538401117],[1375743.3031111509],[1509.0]
1714.0,[404],[437907.16538401117],[1375743.3031111509],[1509.0]
1721.0,[411],[442250.10493516363],[1389359.5183842108],[1517.0]
1726.0,[415],[442250.10493516363],[1389359.5183842108],[1517.0]
1733.0,[419],[442250.10493516363],[1389359.5183842108],[1535.0]
1738.0,[420],[442250.10493516363],[1389359.5183842108],[1535.0]
1745.0,[423],[443256.524142543],[1392514.8575573838],[1539.0]
1750.0,[428],[446513.04091500334],[1402724.8498084273],[1621.0]
1757.0,[430],[458152.93888509105],[1439726.8346434317],[1621.0]
1762.0,[432],[458152.93888509105],[1439726.8346434317],[1631.0]
1769.0,[435],[458152.93888509105],[1439726.8346434317],[1631.0]
1774.0,[436],[470288.364307829],[1478305.0453117955],[1631.0]
1781.0,[438],[473881.3399721244],[1489570.022499568],[1648.0]
1786.0,[441],[473881.3399721244],[1489570.022499568],[1651.0]
1793.0,[444],[474481.8095305839],[1491452.5393907034],[1720.0]
1798.0,[445],[478175.03431574185],[1503031.8491746588],[1720.0]
1805.0,[449],[484813.0811099164],[1523841.622047764],[1779.0]
1812.0,[450],[484813.0811099164],[1523841.622047764],[1780.0]
1817.0,[450],[484813.0811099164],[1523841.622047764],[1780.0]
1824.0,[451],[484813.0811099164],[1523841.622047764],[1780.0]
1829.0,[452],[484813.0811099164],[1523841.622047764],[1821.0]
1836.0,[455],[486912.2791365624],[1530423.2362014432],[1873.0]
1843.0,[456],[486912.2791365624],[1530423.2362014432],[1873.0]
1848.0,[456],[486912.2791365624],[1530423.2362014432],[1873.0]
1855.0,[457],[488693.7921221284],[1536008.0851343682],[1873.0]
1862.0,[457],[488693.7921221284],[1536008.0851343682],[1873.0]
1867.0,[457],[488693.7921221284],[1536008.0851343682],[1873.0]
1874.0,[457],[488693.7921221284],[1536008.0851343682],[1873.0]
1879.0,[458],[488693.7921221284],[1536008.0851343682],[1873.0]
1886.0,[458],[488693.7921221284],[1536008.0851343682],[1873.0]
1891.0,[458],[488693.7921221284],[1536008.0851343682],[1873.0]
1898.0,[460],[491847.91712521494],[1545896.0642305485],[1873.0]
1903.0,[460],[491847.91712521494],[1545896.0642305485],[1873.0]
1910.0,[460],[491847.91712521494],[1545896.0642305485],[1873.0]
1915.0,[460],[491847.91712521494],[1545896.0642305485],[1873.0]
1922.0,[460],[491847.91712521494],[1545896.0642305485],[1873.0]
1927.0,[463],[498566.75349470356],[1566958.7549257185],[1873.0]
1934.0,[463],[498566.75349470356],[1566958.7549257185],[1873.0]
1939.0,[464],[498566.75349470356],[1566958.7549257185],[1873.0]
1946.0,[465],[500395.12312085094],[1572690.4758288502],[1873.0]
1951.0,[467],[514310.30439002864],[1616808.31792986],[1873.0]
1958.0,[468],[514310.30439002864],[1616808.31792986],[1873.0]
1963.0,[469],[514310.30439002864],[1616808.31792986],[1874.0]
1970.0,[471],[514310.30439002864],[1616808.31792986],[1874.0]
1975.0,[472],[523546.7259888077],[1646169.9125060886],[1875.0]
1982.0,[474],[524671.4123369013],[1649695.9737088399],[1877.0]
1987.0,[477],[525927.7031907048],[1653634.750937268],[1877.0]
1994.0,[479],[525927.7031907048],[1653634.750937268],[1877.0]
1999.0,[479],[525927.7031907048],[1653634.750937268],[1877.0]
2006.0,[482],[525927.7031907048],[1653634.750937268],[1878.0]
2011.0,[484],[530614.2750228097],[1668328.505586408],[1879.0]
2018.0,[487],[535317.8903441229],[1683075.736756587],[1879.0]
2025.0,[489],[537644.0421212955],[1690368.8414765345],[1879.0]
2030.0,[491],[539084.0575731369],[1694883.6647103713],[1883.0]
2037.0,[494],[539084.0575731369],[1694883.6647103713],[1883.0]
2042.0,[497],[541757.3809116657],[1703265.2788154527],[1888.0]
2049.0,[502],[542437.3441325757],[1705397.08509853],[1906.0]
2054.0,[503],[542437.3441325757],[1705397.08509853],[1917.0]
2061.0,[505],[543821.0417883738],[1709735.290908346],[1920.0]
2066.0,[508],[543821.0417883738],[1709735.290908346],[1920.0]
2073.0,[508],[543821.0417883738],[1709735.290908346],[1920.0]
2078.0,[512],[544868.0798209135],[1713017.9933570547],[1924.0]
2085.0,[514],[546808.161305414],[1719100.5818786006],[1924.0]
2090.0,[516],[546808.161305414],[1719100.5818786006],[1924.0]
2097.0,[520],[551771.1509733594],[1734659.1959421248],[1924.0]
2102.0,[522],[556766.9429235597],[1750322.4520111945],[1924.0]
2109.0,[525],[556893.2015652168],[1750718.7927863724],[1936.0]
2114.0,[526],[556893.2015652168],[1750718.7927863724],[1959.0]
2121.0,[528],[560174.1371882547],[1761004.3372114762],[1971.0]
2128.0,[530],[562412.4268796381],[1768021.8909130038],[1976.0]
2133.0,[534],[564579.3940584337],[1774815.1029458002],[1987.0]
2140.0,[536],[569176.5121956513],[1789227.8592663566],[1987.0]
2145.0,[541],[601013.936179233],[1890070.1285147863],[1992.0]
2152.0,[549],[607084.230146584],[1909102.222168656],[2027.0]
2157.0,[550],[607084.230146584],[1909102.222168656],[2027.0]
2164.0,[552],[607273.3753889664],[1909695.1059840107],[2027.0]
2169.0,[556],[610410.8202073224],[1919531.799349452],[2087.0]
2176.0,[558],[613074.0952638799],[1927881.9178259128],[2087.0]
2183.0,[562],[613074.0952638799],[1927881.9178259128],[2113.0]
2188.0,[564],[615246.8815229952],[1934694.1717497131],[2147.0]
2195.0,[566],[618864.5450632104],[1946036.6093269333],[2147.0]
2200.0,[569],[618864.5450632104],[1946036.6093269333],[2218.0]
2207.0,[574],[622399.2587750955],[1957118.8316252436],[2229.0]
2214.0,[580],[623190.5070831316],[1959599.549722361],[2296.0]
2219.0,[583],[624981.010107138],[1965213.2377146785],[2334.0]
2226.0,[587],[624981.010107138],[1965213.2377146785],[2341.0]
2231.0,[588],[624981.010107138],[1965213.2377146785],[2341.0]
2238.0,[595],[630754.5374271341],[1983314.8387111763],[2379.0]
2245.0,[596],[633496.4535031018],[1991911.476927405],[2379.0]
2250.0,[599],[639554.3435144206],[2010903.4902938337],[2379.0]
2257.0,[604],[643298.1784999885],[2022641.4136204317],[2397.0]
2262.0,[607],[646803.2487609687],[2033630.6863190345],[2454.0]
2269.0,[611],[654503.2487292301],[2057770.6423334829],[2534.0]
2276.0,[615],[655194.7018989777],[2059938.4640563221],[2544.0]
2281.0,[616],[655194.7018989777],[2059938.4640563221],[2568.0]
2288.0,[619],[655847.5207515617],[2061985.167119313],[2657.0]
2293.0,[619],[655847.5207515617],[2061985.167119313],[2657.0]
2300.0,[623],[655847.5207515617],[2061985.167119313],[2680.0]
2307.0,[624],[655847.5207515617],[2061985.167119313],[2680.0]
2312.0,[624],[655847.5207515617],[2061985.167119313],[2680.0]
2319.0,[626],[658743.1400914645],[2071063.7553588387],[2743.0]
2324.0,[628],[660382.5038322048],[2076203.5513316283],[2751.0]
2331.0,[633],[664643.1101098898],[2089561.7332899596],[2781.0]
2336.0,[634],[666425.2235539828],[2095149.125797606],[2781.0]
2343.0,[639],[671234.3663233239],[2110226.961796829],[2814.0]
2348.0,[642],[672344.5379617907],[2113707.5993295712],[2818.0]
2355.0,[647],[685806.3759911279],[2156271.5169469696],[2890.0]
2360.0,[650],[691477.0273372307],[2174048.9238114865],[2962.0]
2367.0,[654],[693811.2735367023],[2181367.407339956],[2962.0]
2372.0,[655],[694879.7262221299],[2184717.242197951],[2962.0]
2379.0,[659],[699280.3706266133],[2198514.425470254],[3032.0]
2384.0,[664],[700771.8362841033],[2203190.0614261637],[3032.0]
2391.0,[668],[704338.5024108527],[2214372.3596848347],[3077.0]
2396.0,[671],[705027.0754420308],[2216531.169080082],[3084.0]
2403.0,[676],[705734.9757700028],[2218750.573108827],[3128.0]
2408.0,[678],[708559.3728063025],[2227605.857396306],[3128.0]
2415.0,[682],[715601.5715101822],[2249685.0799754416],[3131.0]
2420.0,[685],[715601.5715101822],[2249685.0799754416],[3133.0]
2427.0,[689],[717122.1423837342],[2254452.2218992496],[3133.0]
2434.0,[693],[717712.8220733525],[2256304.0981074427],[3133.0]
2439.0,[696],[720512.635828217],[2265082.272443656],[3133.0]
2446.0,[700],[722461.8103366421],[2271193.438647477],[3133.0]
2451.0,[703],[722461.8103366421],[2271193.438647477],[3187.0]
2458.0,[704],[722461.8103366421],[2271193.438647477],[3187.0]
2463.0,[709],[733091.5421333265],[2304516.933275594],[3314.0]
2470.0,[715],[735137.4499545725],[2310931.388737755],[3426.0]
2475.0,[717],[735137.4499545725],[2310931.388737755],[3466.0]
2482.0,[720],[735822.8855864642],[2313080.3378569265],[3493.0]
2487.0,[721],[735822.8855864642],[2313080.3378569265],[3551.0]
2494.0,[724],[737452.0938971101],[2318188.3306597704],[3620.0]
2499.0,[725],[739173.4318251443],[2323585.1590146963],[3643.0]
2506.0,[727],[743232.8679287963],[2336312.6871399162],[3719.0]
2511.0,[728],[743232.8679287963],[2336312.6871399162],[3719.0]
2518.0,[735],[746971.6075379724],[2348034.619098442],[3740.0]
2523.0,[735],[746971.6075379724],[2348034.619098442],[3740.0]
2530.0,[740],[751277.8175862883],[2361535.866717251],[3743.0]
2535.0,[745],[753444.4759198802],[2368328.9282971025],[4014.0]
2542.0,[748],[754950.9249634877],[2373052.026622954],[4018.0]
2547.0,[750],[762480.5556829312],[2396808.250929555],[4030.0]
2554.0,[754],[763728.948164668],[2400721.878427613],[4032.0]
2559.0,[754],[763728.948164668],[2400721.878427613],[4032.0]
2566.0,[755],[763728.948164668],[2400721.878427613],[4032.0]
2571.0,[757],[768943.9710320327],[2417072.4199244184],[4212.0]
2578.0,[761],[771054.9307076341],[2423690.7578888168],[4240.0]
2585.0,[763],[774098.7061394317],[2433233.852136013],[4446.0]
2590.0,[765],[774098.7061394317],[2433233.852136013],[4446.0]
2597.0,[768],[776502.8318423056],[2440771.3739455706],[4446.0]
2602.0,[771],[779901.5146049537],[2451427.137796608],[4564.0]
2609.0,[774],[786171.573416737],[2471085.467994687],[4596.0]
2614.0,[776],[786171.573416737],[2471085.467994687],[4603.0]
2621.0,[780],[792243.4051801577],[2490119.8576005124],[4613.0]
2626.0,[780],[792243.4051801577],[2490119.8576005124],[4613.0]
2633.0,[786],[802763.3838581458],[2523100.504739415],[4632.0]
2638.0,[790],[803508.552372358],[2525436.7563401274],[4632.0]
2645.0,[793],[807728.585292901],[2538667.773239097],[4634.0]
2650.0,[797],[810147.4641970384],[2546251.605838141],[4634.0]
2657.0,[801],[810147.4641970384],[2546251.605838141],[4641.0]
2662.0,[804],[812723.9490589208],[2554329.5898139416],[4868.0]
2669.0,[806],[814941.6905178832],[2561282.8124978645],[4868.0]
2674.0,[807],[814941.6905178832],[2561282.8124978645],[4868.0]
2681.0,[811],[821287.1712866244],[2581177.6038793],[4886.0]
2686.0,[815],[830521.3159115213],[2610129.253520806],[4924.0]
2693.0,[817],[835274.1935448928],[2625028.7315489943],[4924.0]
2698.0,[819],[836728.4712044768],[2629588.2662891885],[4978.0]
2705.0,[822],[843069.0704710499],[2649467.858289142],[4980.0]
2712.0,[825],[850101.72467681],[2671796.752244673],[4980.0]
2719.0,[828],[852933.4033596764],[2680674.7382655563],[5040.0]
2726.0,[831],[852933.4033596764],[2680674.7382655563],[5040.0]
2731.0,[836],[852933.4033596764],[2680674.7382655563],[5075.0]
2738.0,[838],[852933.4033596764],[2680674.7382655563],[5095.0]
2743.0,[841],[860200.8797317658],[2703460.3045311165],[5111.0]
2750.0,[847],[864221.2364827661],[2716064.867423745],[5118.0]
2755.0,[849],[864221.2364827661],[2716064.867423745],[5124.0]
2762.0,[851],[864221.2364827661],[2716064.867423745],[5124.0]
2767.0,[856],[866119.0492966541],[2722015.0235104747],[5168.0]
2774.0,[858],[868542.0427642242],[2729611.737472916],[5187.0]
2779.0,[864],[870001.5709345537],[2734187.7218713174],[5276.0]
2786.0,[865],[872516.6024574772],[2742073.002136837],[5276.0]
2791.0,[869],[876831.4353412795],[2755601.1944793197],[5276.0]
2798.0,[871],[877661.9027747986],[2758204.867015998],[5276.0]
2803.0,[873],[878293.4503495916],[2760184.880150174],[5311.0]
2810.0,[876],[880843.2186715566],[2768179.10394762],[5311.0]
2815.0,[877],[882289.9552362096],[2772714.9832138093],[5311.0]
2822.0,[878],[882289.9552362096],[2772714.9832138093],[5311.0]
2827.0,[878],[882289.9552362096],[2772714.9832138093],[5311.0]
2834.0,[881],[884277.994713519],[2778948.015428039],[5356.0]
2839.0,[886],[891393.1604803075],[2801255.9687099536],[5362.0]
2846.0,[889],[896003.423057411],[2815710.511623267],[5374.0]
2851.0,[892],[896633.8413578972],[2817686.9811091474],[5374.0]
2858.0,[892],[896633.8413578972],[2817686.9811091474],[5374.0]
2863.0,[895],[915738.6177560975],[2878354.1707400354],[5384.0]
2870.0,[898],[919020.885243405],[2888645.035842113],[5385.0]
2875.0,[901],[921214.2207196187],[2895521.230902854],[5385.0]
2882.0,[905],[924658.1683817507],[2906319.0025696126],[5411.0]
2887.0,[910],[927539.4996223749],[2915352.583030624],[5413.0]
2894.0,[912],[929790.0685402784],[2922408.7009033007],[5416.0]
2899.0,[914],[929790.0685402784],[2922408.7009033007],[5417.0]
2906.0,[916],[929790.0685402784],[2922408.7009033007],[5417.0]
2911.0,[918],[931874.5604126842],[2928944.1400939147],[5490.0]
2918.0,[923],[931874.5604126842],[2928944.1400939147],[5502.0]
2925.0,[924],[937124.2634739289],[2945403.4814890814],[5502.0]
2930.0,[924],[937124.2634739289],[2945403.4814890814],[5502.0]
2937.0,[929],[937124.2634739289],[2945403.4814890814],[5568.0]
2942.0,[933],[937980.9818090919],[2948089.4586201822],[5604.0]
2949.0,[939],[950812.0528964602],[2988318.4617615878],[5665.0]
2954.0,[943],[952734.3398122346],[2994345.226396728],[5675.0]
2961.0,[948],[959990.4308692936],[3017095.0923782266],[5711.0]
2966.0,[949],[959990.4308692936],[3017095.0923782266],[5711.0]
2973.0,[952],[959990.4308692936],[3017095.0923782266],[5712.0]
2978.0,[953],[964668.5364597085],[3031762.340050072],[5715.0]
2985.0,[955],[968977.0998025311],[3045270.9666129784],[5715.0]
2990.0,[958],[973619.1110854953],[3059824.8243830334],[5715.0]
2997.0,[962],[990536.7786716599],[3113226.386666902],[5745.0]
3002.0,[964],[994697.9345932452],[3126272.0982549875],[5750.0]
3009.0,[966],[999640.7041968792],[3141768.870774093],[5753.0]
3014.0,[967],[999640.7041968792],[3141768.870774093],[5753.0]
3021.0,[970],[1001317.3114752326],[3147025.4466771316],[5772.0]
3028.0,[975],[1006864.7110596497],[3164418.2085285326],[5778.0]
3035.0,[977],[1007679.9473119263],[3166973.9989856216],[5781.0]
3040.0,[977],[1007679.9473119263],[3166973.9989856216],[5781.0]
3047.0,[980],[1007679.9473119263],[3166973.9989856216],[5781.0]
3052.0,[981],[1008904.2771462131],[3170812.5704511227],[5781.0]
3059.0,[986],[1016667.6977759476],[3195153.0613760105],[5781.0]
3066.0,[987],[1016667.6977759476],[3195153.0613760105],[5797.0]
3071.0,[988],[1018971.3067599396],[3202375.499799068],[5797.0]
3078.0,[990],[1021180.6818719674],[3209302.063237623],[5805.0]
3083.0,[991],[1021987.1578265051],[3211830.4492445877],[5808.0]
3090.0,[992],[1021987.1578265051],[3211830.4492445877],[5817.0]
3095.0,[993],[1022814.022271534],[3214422.8829364516],[5817.0]
3102.0,[997],[1024986.3944398628],[3221233.860093605],[5831.0]
3107.0,[998],[1027357.0279379374],[3228666.444377412],[5834.0]
3114.0,[999],[1028157.9460868117],[3231177.4744742094],[5835.0]
3119.0,[1000],[1028157.9460868117],[3231177.4744742094],[5845.0]
3126.0,[1003],[1031020.9175069496],[3240153.5887712715],[5848.0]
3131.0,[1005],[1049258.0623728703],[3298127.3645392754],[5864.0]
3138.0,[1009],[1066751.6413967416],[3353601.62851271],[5877.0]
3145.0,[1012],[1068737.0230529015],[3359826.2945611924],[5892.0]
3152.0,[1016],[1075888.4415305648],[3382248.0849908306],[5987.0]
3157.0,[1020],[1079928.8935617902],[3394915.8739911765],[5988.0]
3164.0,[1022],[1082855.215327551],[3404090.72855613],[6039.0]
3169.0,[1025],[1086907.5725919798],[3416795.941452722],[6040.0]
3176.0,[1030],[1092123.7089180918],[3433150.000980138],[6084.0]
3181.0,[1034],[1097148.3728872112],[3448903.8238576245],[6126.0]
3188.0,[1038],[1097148.3728872112],[3448903.8238576245],[6126.0]
3193.0,[1041],[1097148.3728872112],[3448903.8238576245],[6152.0]
3200.0,[1042],[1097148.3728872112],[3448903.8238576245],[6152.0]
3205.0,[1044],[1097148.3728872112],[3448903.8238576245],[6185.0]
3212.0,[1049],[1097735.1409246116],[3450743.4380617584],[6207.0]
3217.0,[1055],[1098822.3412333843],[3454152.0641791457],[6214.0]
3224.0,[1061],[1101071.5948578794],[3461204.064777252],[6267.0]
3229.0,[1062],[1101071.5948578794],[3461204.064777252],[6317.0]
3236.0,[1065],[1106930.9387104246],[3479572.0889615673],[6382.0]
3241.0,[1066],[1106930.9387104246],[3479572.0889615673],[6382.0]
3248.0,[1067],[1106930.9387104246],[3479572.0889615673],[6382.0]
3255.0,[1068],[1109054.6892503842],[3486230.6255579577],[6409.0]
3262.0,[1074],[1116079.1086265736],[3508251.9855508576],[6412.0]
3267.0,[1077],[1120022.265133927],[3520613.5274280957],[6439.0]
3274.0,[1080],[1122426.6254756653],[3528151.7529464234],[6444.0]
3279.0,[1082],[1124294.0855267441],[3534006.7189804576],[6445.0]
3286.0,[1087],[1124294.0855267441],[3534006.7189804576],[6448.0]
3291.0,[1087],[1124294.0855267441],[3534006.7189804576],[6448.0]
3298.0,[1088],[1124294.0855267441],[3534006.7189804576],[6448.0]
3303.0,[1090],[1126524.349662189],[3540999.1688186047],[6510.0]
3310.0,[1095],[1128545.256220269],[3547335.0600441936],[6539.0]
3315.0,[1097],[1128545.256220269],[3547335.0600441936],[6550.0]
3322.0,[1099],[1128545.256220269],[3547335.0600441936],[6550.0]
3327.0,[1101],[1136836.0276743337],[3573329.025572107],[6564.0]
3334.0,[1102],[1138476.6287944773],[3578472.739761074],[6564.0]
3339.0,[1106],[1139000.0353084991],[3580113.6805646312],[6582.0]
3346.0,[1110],[1144700.2636320652],[3597985.432670665],[6614.0]
3351.0,[1112],[1144700.2636320652],[3597985.432670665],[6618.0]
3358.0,[1115],[1153229.8746158748],[3624728.1074761357],[6620.0]
3363.0,[1119],[1154506.7725560642],[3628731.4967189794],[6620.0]
3370.0,[1124],[1157479.4596383644],[3638051.566280192],[6620.0]
3375.0,[1124],[1157479.4596383644],[3638051.566280192],[6620.0]
3382.0,[1124],[1157479.4596383644],[3638051.566280192],[6620.0]
3387.0,[1126],[1158203.202243209],[3640320.6358469143],[6620.0]
3394.0,[1128],[1163706.6955223295],[3657575.6584038367],[6638.0]
3399.0,[1129],[1166121.633166414],[3665147.134393205],[6640.0]
3406.0,[1133],[1169836.2881798856],[3676793.6673024474],[6641.0]
3413.0,[1140],[1180257.6669914555],[3709465.7626567455],[6650.0]
3418.0,[1142],[1180835.295750914],[3711276.701542093],[6655.0]
3425.0,[1145],[1183634.1194669215],[3720050.7221569004],[6665.0]
3430.0,[1147],[1186074.721647935],[3727702.5628091586],[6669.0]
3437.0,[1150],[1195226.9366155344],[3756397.422771912],[6696.0]
3442.0,[1154],[1205538.04992229],[3788721.462841147],[6708.0]
3449.0,[1158],[1224379.6707971268],[3848491.948336204],[6721.0]
3454.0,[1160],[1228678.4225335703],[3861969.7934613023],[6760.0]
3461.0,[1163],[1228678.4225335703],[3861969.7934613023],[6777.0]
3468.0,[1166],[1230343.7612531641],[3867191.060575651],[6777.0]
3473.0,[1167],[1230343.7612531641],[3867191.060575651],[6777.0]
3480.0,[1171],[1230343.7612531641],[3867191.060575651],[6813.0]
3485.0,[1174],[1230343.7612531641],[3867191.060575651],[6822.0]
3492.0,[1177],[1234821.5703884214],[3881230.3041103664],[6822.0]
3497.0,[1183],[1250993.4563474786],[3932514.6594712017],[6847.0]
3504.0,[1185],[1252055.6016795181],[3935844.73710846],[6852.0]
3509.0,[1185],[1252055.6016795181],[3935844.73710846],[6852.0]
3516.0,[1190],[1255362.4383817893],[3946212.6331560547],[6953.0]
3521.0,[1190],[1255362.4383817893],[3946212.6331560547],[6953.0]
3528.0,[1195],[1256375.908556589],[3949390.094918552],[7031.0]
3533.0,[1195],[1256375.908556589],[3949390.094918552],[7031.0]
3540.0,[1198],[1260506.8100107212],[3962341.5732679134],[7031.0]
3545.0,[1200],[1260506.8100107212],[3962341.5732679134],[7036.0]
3552.0,[1202],[1264049.5105001125],[3973448.841921351],[7092.0]
3557.0,[1204],[1265410.7819090395],[3977716.777558277],[7092.0]
3564.0,[1208],[1268912.9307214697],[3988696.9166524103],[7166.0]
3569.0,[1211],[1268912.9307214697],[3988696.9166524103],[7175.0]
3576.0,[1214],[1272888.1588693794],[4001158.817972902],[7178.0]
3581.0,[1215],[1275530.490022534],[4009443.2414482096],[7178.0]
3588.0,[1221],[1280540.2267143049],[4025150.155558616],[7185.0]
3593.0,[1222],[1283825.971019256],[4035451.918354757],[7266.0]
3600.0,[1226],[1284577.3257549999],[4037807.5112869064],[7266.0]
3605.0,[1228],[1284577.3257549999],[4037807.5112869064],[7271.0]
3612.0,[1230],[1286198.751706792],[4042890.778319023],[7271.0]
3617.0,[1232],[1286198.751706792],[4042890.778319023],[7271.0]
3624.0,[1234],[1293226.6518695727],[4064925.286396877],[7277.0]
3629.0,[1237],[1296703.563450121],[4075826.2281617243],[7295.0]
3636.0,[1240],[1296703.563450121],[4075826.2281617243],[7317.0]
3641.0,[1244],[1299776.5487378396],[4085460.921506604],[7399.0]
3648.0,[1245],[1301215.9347640588],[4089973.761216991],[7399.0]
3653.0,[1246],[1301215.9347640588],[4089973.761216991],[7399.0]
3660.0,[1246],[1301215.9347640588],[4089973.761216991],[7399.0]
3665.0,[1247],[1301215.9347640588],[4089973.761216991],[7399.0]
3672.0,[1251],[1302589.7422175505],[4094280.453735142],[7407.0]
3677.0,[1254],[1305353.0434874247],[4102944.04562201],[7407.0]
3684.0,[1254],[1305353.0434874247],[4102944.04562201],[7407.0]
3689.0,[1257],[1307068.9895026346],[4108323.8936345093],[7410.0]
3696.0,[1257],[1307068.9895026346],[4108323.8936345093],[7410.0]
3701.0,[1260],[1309095.6358400085],[4114677.9372308133],[7423.0]
3708.0,[1263],[1310968.0763885793],[4120548.257913569],[7423.0]
3713.0,[1264],[1316821.196431969],[4138899.524893357],[7423.0]
3720.0,[1267],[1319578.2332438668],[4147543.525289862],[7425.0]
3725.0,[1268],[1319578.2332438668],[4147543.525289862],[7449.0]
3732.0,[1272],[1325802.1188765774],[4167057.277071208],[7455.0]
3739.0,[1275],[1330876.439741941],[4182966.749447548],[7472.0]
3746.0,[1275],[1330876.439741941],[4182966.749447548],[7472.0]
3751.0,[1278],[1335394.278783104],[4197129.683361099],[7548.0]
3758.0,[1283],[1336346.4899327238],[4200115.010199932],[7548.0]
3763.0,[1286],[1347857.9219951935],[4236203.948432873],[7579.0]
3770.0,[1289],[1349434.425183242],[4241146.656197956],[7579.0]
3775.0,[1290],[1349434.425183242],[4241146.656197956],[7579.0]
3782.0,[1293],[1358850.6100395818],[4270669.158293248],[7581.0]
3787.0,[1295],[1358850.6100395818],[4270669.158293248],[7581.0]
3794.0,[1298],[1358850.6100395818],[4270669.158293248],[7581.0]
3799.0,[1298],[1358850.6100395818],[4270669.158293248],[7581.0]
3806.0,[1303],[1358850.6100395818],[4270669.158293248],[7581.0]
3811.0,[1305],[1364598.1606436956],[4288688.277153006],[7602.0]
3818.0,[1307],[1367634.093194449],[4298206.7853834955],[7609.0]
3823.0,[1308],[1367634.093194449],[4298206.7853834955],[7610.0]
3830.0,[1309],[1367634.093194449],[4298206.7853834955],[7610.0]
3835.0,[1310],[1369154.9710539258],[4302975.0963278795],[7610.0]
3842.0,[1310],[1369154.9710539258],[4302975.0963278795],[7610.0]
3847.0,[1312],[1371241.279978074],[4309516.381894841],[7610.0]
3854.0,[1312],[1371241.279978074],[4309516.381894841],[7610.0]
3859.0,[1316],[1376262.8073887746],[4325260.115738881],[7610.0]
3866.0,[1318],[1384452.2494976632],[4350936.399068185],[7611.0]
3871.0,[1323],[1386429.8794173966],[4357136.778109569],[7611.0]
3878.0,[1324],[1387866.420688457],[4361640.696363281],[7611.0]
3883.0,[1327],[1389551.7891164552],[4366924.755299432],[7611.0]
3890.0,[1327],[1389551.7891164552],[4366924.755299432],[7611.0]
3895.0,[1329],[1392463.88033997],[4376054.975343215],[7622.0]
3902.0,[1333],[1395362.9675912866],[4385144.439822279],[7632.0]
3907.0,[1334],[1395362.9675912866],[4385144.439822279],[7635.0]
3914.0,[1335],[1401684.547049865],[4404964.483675117],[7638.0]
3919.0,[1338],[1401684.547049865],[4404964.483675117],[7647.0]
3926.0,[1341],[1402942.3734177593],[4408908.082033238],[7656.0]
3931.0,[1344],[1403979.620510843],[4412160.061123081],[7660.0]
3938.0,[1347],[1410136.8122843506],[4431462.410471072],[7670.0]
3945.0,[1350],[1413143.1420410536],[4440888.06490702],[7675.0]
3952.0,[1353],[1413143.1420410536],[4440888.06490702],[7681.0]
3959.0,[1359],[1419496.2651391556],[4460806.884520224],[7828.0]
3966.0,[1364],[1427367.0885678192],[4485484.119465964],[7874.0]
3971.0,[1367],[1427367.0885678192],[4485484.119465964],[7892.0]
3978.0,[1371],[1427965.718046684],[4487360.927017296],[7904.0]
3983.0,[1373],[1428734.0765726678],[4489769.885772836],[7904.0]
3990.0,[1376],[1432588.565092949],[4501853.340264865],[7904.0]
3995.0,[1378],[1432588.565092949],[4501853.340264865],[7904.0]
4002.0,[1379],[1435030.0808040607],[4509508.158394949],[7904.0]
4007.0,[1383],[1436622.227880285],[4514499.915177516],[8078.0]
4014.0,[1386],[1436622.227880285],[4514499.915177516],[8079.0]
4019.0,[1389],[1436622.227880285],[4514499.915177516],[8091.0]
4026.0,[1392],[1449436.6429440351],[4555065.364587383],[8120.0]
4031.0,[1394],[1450133.3862305111],[4557249.746647351],[8120.0]
4038.0,[1394],[1450133.3862305111],[4557249.746647351],[8120.0]
4043.0,[1396],[1451240.4685163146],[4560720.712954881],[8120.0]
4050.0,[1399],[1454211.522775854],[4570034.859920363],[8120.0]
4055.0,[1403],[1459835.9750441874],[4587669.004565887],[8123.0]
4062.0,[1407],[1461180.366438054],[4591883.957865212],[8145.0]
4067.0,[1413],[1465878.5419359417],[4606612.982457714],[8148.0]
4074.0,[1416],[1474713.134457723],[4634697.301524699],[8158.0]
4079.0,[1420],[1477870.7766168278],[4644596.824987095],[8164.0]
4086.0,[1424],[1477870.7766168278],[4644596.824987095],[8170.0]
4091.0,[1426],[1480558.6498181813],[4653024.03149613],[8171.0]
4098.0,[1431],[1491072.9003886972],[4685989.280434093],[8378.0]
4103.0,[1435],[1493230.5289803054],[4692753.966333567],[8385.0]
4110.0,[1438],[1493230.5289803054],[4692753.966333567],[8385.0]
4115.0,[1439],[1495108.099880573],[4698640.624436974],[8392.0]
4122.0,[1441],[1499445.8023442824],[4712239.812280912],[8400.0]
4127.0,[1441],[1499445.8023442824],[4712239.812280912],[8400.0]
4134.0,[1444],[1504657.7780026102],[4728715.151680023],[8413.0]
4139.0,[1446],[1504657.7780026102],[4728715.151680023],[8413.0]
4146.0,[1450],[1505444.7806303548],[4731182.570620002],[8423.0]
4151.0,[1453],[1505917.758847536],[4732665.265519552],[8424.0]
4158.0,[1454],[1505917.758847536],[4732665.265519552],[8425.0]
4163.0,[1456],[1507419.5291071436],[4737373.680456675],[8432.0]
4170.0,[1459],[1508618.3294881145],[4741132.218216949],[8432.0]
4175.0,[1460],[1508618.3294881145],[4741132.218216949],[8435.0]
4182.0,[1463],[1514349.4716383126],[4759101.068379799],[8443.0]
4187.0,[1466],[1522065.2799220756],[4783288.787839401],[8471.0]
4194.0,[1473],[1527513.2298092865],[4800368.848089117],[8471.0]
4199.0,[1476],[1528196.1095895562],[4802509.801708645],[8496.0]
4206.0,[1480],[1528196.1095895562],[4802509.801708645],[8510.0]
4211.0,[1484],[1528196.1095895562],[4802509.801708645],[8560.0]
4218.0,[1488],[1528196.1095895562],[4802509.801708645],[8562.0]
4223.0,[1492],[1533336.0355305795],[4818622.99824311],[8599.0]
4230.0,[1495],[1533336.0355305795],[4818622.99824311],[8624.0]
4235.0,[1495],[1533336.0355305795],[4818622.99824311],[8624.0]
4242.0,[1496],[1535231.2382522027],[4824564.938424121],[8624.0]
4247.0,[1496],[1535231.2382522027],[4824564.938424121],[8624.0]
4254.0,[1499],[1545494.0045161413],[4856741.725495504],[8662.0]
4259.0,[1500],[1545494.0045161413],[4856741.725495504],[8662.0]
4266.0,[1508],[1550783.2630178148],[4873325.013081845],[9013.0]
4271.0,[1513],[1559279.1419452794],[4899961.957913575],[9118.0]
4278.0,[1515],[1560375.2361724998],[4903398.60590946],[9123.0]
4283.0,[1517],[1579922.02402979],[4965406.03341001],[9157.0]
4290.0,[1520],[1581834.4328853348],[4971401.93824872],[9234.0]
4295.0,[1525],[1582631.9114395012],[4973902.103939537],[9245.0]
4302.0,[1525],[1582631.9114395012],[4973902.103939537],[9245.0]
4307.0,[1530],[1583709.1524603947],[4977279.504008553],[9303.0]
4314.0,[1532],[1583709.1524603947],[4977279.504008553],[9305.0]
4319.0,[1538],[1589803.166427492],[4996385.972254906],[9313.0]
4326.0,[1545],[1600729.0271413797],[5030706.842991113],[9471.0]
4331.0,[1548],[1600729.0271413797],[5030706.842991113],[9478.0]
4338.0,[1552],[1605861.0750308132],[5046954.170258121],[9491.0]
4343.0,[1553],[1608177.401510678],[5054216.475844194],[9505.0]
4350.0,[1560],[1610883.163801801],[5062699.71422298],[9554.0]
4357.0,[1564],[1612267.8916558481],[5067041.174983477],[9554.0]
4362.0,[1567],[1617416.5237872207],[5083183.5347916195],[9558.0]
4369.0,[1569],[1620362.8261808269],[5092421.0205277],[9600.0]
4374.0,[1575],[1629412.4072915376],[5120792.135782127],[9612.0]
4381.0,[1575],[1629412.4072915376],[5120792.135782127],[9612.0]
4386.0,[1580],[1640195.767699565],[5154598.037596459],[9828.0]
4393.0,[1582],[1645856.564461135],[5172346.240193795],[9828.0]
4398.0,[1582],[1645856.564461135],[5172346.240193795],[9828.0]
4405.0,[1589],[1660733.9217581695],[5218989.971529851],[9933.0]
4410.0,[1595],[1664059.257754291],[5229415.631685466],[10106.0]
4417.0,[1600],[1675691.54583608],[5265885.882647419],[10108.0]
4422.0,[1604],[1681679.5958460032],[5284660.213960715],[10280.0]
4429.0,[1606],[1685393.2977877893],[5296302.33328938],[10300.0]
4434.0,[1610],[1696556.5546308083],[5331302.390666455],[10405.0]
4441.0,[1615],[1709689.7416488228],[5372478.727329128],[10436.0]
4446.0,[1618],[1709689.7416488228],[5372478.727329128],[10436.0]
4453.0,[1624],[1718585.7337674003],[5400369.869673215],[10454.0]
4458.0,[1626],[1718585.7337674003],[5400369.869673215],[10455.0]
4465.0,[1628],[1720011.0865998997],[5404838.707074017],[10455.0]
4470.0,[1630],[1724501.9573907463],[5418918.924566382],[10455.0]
4477.0,[1635],[1729110.8248958464],[5433368.445959403],[10455.0]
4482.0,[1637],[1742207.114610306],[5475000.113197301],[10458.0]
4489.0,[1642],[1746870.8432539897],[5489622.292671722],[10492.0]
4494.0,[1644],[1763532.0752250557],[5542407.264803812],[10497.0]
4501.0,[1650],[1769007.7077655708],[5559572.637359856],[10519.0]
4508.0,[1651],[1772136.3795522985],[5569381.910979016],[10570.0]
4513.0,[1656],[1788821.6264822122],[5622355.369465041],[10595.0]
4520.0,[1656],[1788821.6264822122],[5622355.369465041],[10595.0]
4525.0,[1661],[1796652.7945967135],[5646908.212013962],[10621.0]
4532.0,[1663],[1811711.5002452692],[5694639.474386191],[10623.0]
4537.0,[1667],[1816806.1131796786],[5710612.394595692],[10656.0]
4544.0,[1670],[1816806.1131796786],[5710612.394595692],[10660.0]
4549.0,[1675],[1827442.956427594],[5744001.322449907],[10757.0]
4556.0,[1678],[1832487.056622246],[5759816.042172292],[10757.0]
4561.0,[1681],[1836973.0202149646],[5773880.660935241],[10757.0]
4568.0,[1686],[1837999.9855172026],[5777100.429045973],[10806.0]
4573.0,[1687],[1839651.726836494],[5782279.019267667],[10806.0]
4580.0,[1691],[1847953.2700661374],[5808306.561205548],[10813.0]
4585.0,[1694],[1852388.372768723],[5822211.778877585],[10813.0]
4592.0,[1701],[1854438.6157894444],[5828639.818393212],[10866.0]
4597.0,[1704],[1856268.4137842245],[5834376.720254677],[10873.0]
4604.0,[1708],[1859129.1748196962],[5843346.016963141],[10987.0]
4611.0,[1711],[1860185.9229719504],[5846659.166355055],[10987.0]
4616.0,[1713],[1861890.7517058302],[5852004.221874154],[10987.0]
4623.0,[1713],[1861890.7517058302],[5852004.221874154],[10987.0]
4628.0,[1717],[1866284.3564381248],[5865779.329899066],[11008.0]
4635.0,[1718],[1873768.7124935053],[5889245.006620969],[11008.0]
4642.0,[1722],[1878523.9493105754],[5904154.032253254],[11026.0]
4649.0,[1725],[1878523.9493105754],[5904154.032253254],[11029.0]
4656.0,[1726],[1878523.9493105754],[5904154.032253254],[11030.0]
4661.0,[1728],[1878523.9493105754],[5904154.032253254],[11037.0]
4668.0,[1731],[1879680.5712107487],[5907780.311622703],[11051.0]
4673.0,[1732],[1879680.5712107487],[5907780.311622703],[11051.0]
4680.0,[1737],[1883190.8538322907],[5918785.913846148],[11062.0]
4685.0,[1739],[1883190.8538322907],[5918785.913846148],[11063.0]
4692.0,[1742],[1883699.1093580234],[5920379.361389582],[11063.0]
4697.0,[1745],[1884342.61863347],[5922396.875173109],[11082.0]
4704.0,[1750],[1890447.9244009827],[5941538.7633597925],[11125.0]
4709.0,[1752],[1890447.9244009827],[5941538.7633597925],[11125.0]
4716.0,[1759],[1895692.040791498],[5957979.621931791],[11160.0]
4721.0,[1762],[1896527.2234201927],[5960597.949998834],[11161.0]
4728.0,[1767],[1898330.5531582118],[5966251.770691857],[11194.0]
4733.0,[1768],[1898330.5531582118],[5966251.770691857],[11194.0]
4740.0,[1771],[1899702.3934615303],[5970552.766575708],[11195.0]
4745.0,[1777],[1905437.024985162],[5988532.076467554],[11197.0]
4752.0,[1778],[1905437.024985162],[5988532.076467554],[11197.0]
4757.0,[1781],[1905437.024985162],[5988532.076467554],[11198.0]
4764.0,[1782],[1905437.024985162],[5988532.076467554],[11215.0]
4769.0,[1783],[1911948.7057276778],[6008945.460900683],[11215.0]
4776.0,[1785],[1915205.984744644],[6019157.708636455],[11223.0]
4781.0,[1787],[1918446.5165277584],[6029316.646779914],[11223.0]
4788.0,[1789],[1919435.842255552],[6032418.401814166],[11223.0]
4793.0,[1790],[1919435.842255552],[6032418.401814166],[11223.0]
4800.0,[1792],[1920775.6639630918],[6036619.003335367],[11223.0]
4805.0,[1794],[1920775.6639630918],[6036619.003335367],[11291.0]
4812.0,[1797],[1920775.6639630918],[6036619.003335367],[11351.0]
4817.0,[1799],[1922931.1089939266],[6043376.915686845],[11355.0]
4824.0,[1804],[1925311.0409316747],[6050838.595966383],[11355.0]
4829.0,[1806],[1932359.1631556784],[6072934.082612803],[11365.0]
4836.0,[1809],[1934812.148756983],[6080624.797158052],[11367.0]
4841.0,[1810],[1934812.148756983],[6080624.797158052],[11368.0]
4848.0,[1814],[1934812.148756983],[6080624.797158052],[11392.0]
4853.0,[1817],[1937880.7799674796],[6090244.738297828],[11445.0]
4860.0,[1821],[1941095.7912399098],[6100324.56992881],[11455.0]
4865.0,[1825],[1946453.6834280754],[6117122.943882908],[11459.0]
4872.0,[1827],[1946453.6834280754],[6117122.943882908],[11459.0]
4877.0,[1831],[1950878.1664581357],[6130994.874692131],[11481.0]
4884.0,[1833],[1951566.2945179632],[6133152.266939111],[11489.0]
4891.0,[1838],[1953351.972104229],[6138750.826348946],[11492.0]
4896.0,[1841],[1959949.954151283],[6159437.273332199],[11545.0]
4903.0,[1843],[1960647.1337398672],[6161622.988621991],[11545.0]
4908.0,[1847],[1963852.6018017377],[6171672.955220554],[11546.0]
4915.0,[1853],[1971017.8896007505],[6194138.086961906],[11577.0]
4920.0,[1856],[1974154.7969392098],[6203973.192989555],[11660.0]
4927.0,[1856],[1974154.7969392098],[6203973.192989555],[11660.0]
4932.0,[1861],[1974154.7969392098],[6203973.192989555],[11668.0]
4939.0,[1863],[1974154.7969392098],[6203973.192989555],[11668.0]
4944.0,[1867],[1974154.7969392098],[6203973.192989555],[11715.0]
4951.0,[1870],[1975121.7378980694],[6207004.765328712],[11715.0]
4956.0,[1876],[1977709.1672792349],[6215116.962913805],[11732.0]
4963.0,[1877],[1977709.1672792349],[6215116.962913805],[11732.0]
4968.0,[1881],[1979298.342836498],[6220099.353539309],[11740.0]
4975.0,[1881],[1979298.342836498],[6220099.353539309],[11740.0]
4980.0,[1885],[1982946.4996701956],[6231537.355803946],[11740.0]
4987.0,[1888],[1984297.69827738],[6235773.7050102865],[11761.0]
4992.0,[1891],[1986116.107444154],[6241474.882512648],[11805.0]
4999.0,[1892],[1986116.107444154],[6241474.882512648],[11805.0]
5004.0,[1895],[1994093.2563377155],[6266485.603261366],[11843.0]
