step,agent_total_vehicles_passed,agent_total_stopped,agent_total_fuel_consumption,agent_co2_emission,agent_accumulated_waiting_time
0.0,[0],[0],[0.0],[0.0],[0.0]
7.0,[5],[0],[9189.591031142656],[28811.829118137706],[0.0]
14.0,[8],[0],[10583.517138304012],[33182.05116193576],[0.0]
19.0,[10],[0],[10583.517138304012],[33182.05116193576],[0.0]
26.0,[14],[2],[13817.574113047445],[43321.55964436006],[0.0]
31.0,[17],[2],[15056.407035526685],[47205.51112334934],[0.0]
38.0,[19],[5],[15839.078760051958],[49659.350561960426],[0.0]
45.0,[23],[6],[18047.173345202234],[56582.1704770119],[0.0]
50.0,[25],[6],[18047.173345202234],[56582.1704770119],[0.0]
57.0,[27],[9],[19917.90264672022],[62447.32734456718],[0.0]
62.0,[30],[9],[21005.644717118135],[65857.65082735142],[0.0]
69.0,[35],[10],[23807.857680459536],[74643.10134868104],[0.0]
76.0,[37],[11],[24548.723219545474],[76965.86065504389],[0.0]
83.0,[40],[13],[27737.13593091475],[86962.25765282688],[0.0]
90.0,[44],[13],[30124.82967105857],[94448.1612352219],[0.0]
95.0,[45],[13],[30124.82967105857],[94448.1612352219],[0.0]
102.0,[48],[15],[33695.73478645916],[105643.8220344093],[0.0]
107.0,[52],[15],[36266.774999559624],[113704.56989164447],[0.0]
114.0,[55],[16],[38910.28558532468],[121992.53387085919],[0.0]
121.0,[58],[18],[42837.82130289049],[134306.33328758337],[0.0]
126.0,[62],[18],[45997.29130791372],[144212.01504755442],[0.0]
133.0,[64],[20],[47724.75217943027],[149627.9760843795],[0.0]
138.0,[66],[20],[48971.99572262649],[153538.3881645815],[0.0]
145.0,[69],[21],[51808.46467497738],[162431.44740478307],[0.0]
150.0,[72],[22],[54471.9339972188],[170782.0834461659],[0.0]
157.0,[75],[24],[55233.25760555279],[173168.9895298869],[0.0]
162.0,[77],[24],[55948.20997113844],[175410.4981377665],[0.0]
169.0,[80],[25],[58699.54010268024],[184036.50132551967],[0.0]
174.0,[83],[26],[62331.59626992783],[195423.86620762598],[0.0]
181.0,[86],[28],[64717.816528392934],[202905.15718470936],[0.0]
186.0,[88],[28],[66101.94024338311],[207244.73116474404],[0.0]
193.0,[93],[28],[69701.79004045975],[218531.12570787378],[0.0]
200.0,[96],[29],[71008.53905547356],[222628.01145551758],[0.0]
207.0,[98],[31],[72534.3679132791],[227411.78694051868],[0.0]
214.0,[102],[32],[74664.978561462],[234091.7422636307],[0.0]
219.0,[104],[33],[76644.25894059165],[240297.23216641243],[0.0]
226.0,[106],[35],[77641.4798286377],[243423.7344973418],[0.0]
231.0,[110],[36],[78813.03641588599],[247096.75924763607],[0.0]
238.0,[114],[36],[82014.32432496824],[257133.4557310208],[0.0]
245.0,[116],[38],[83433.98288645413],[261584.34821211113],[0.0]
252.0,[120],[39],[85528.52887526841],[268151.2305673883],[0.0]
257.0,[122],[39],[86826.63524316554],[272221.02442186745],[0.0]
264.0,[124],[42],[88922.88123155643],[278793.2342053958],[0.0]
269.0,[127],[42],[88922.88123155643],[278793.2342053958],[0.0]
276.0,[131],[43],[92717.33585651564],[290689.79783210455],[0.0]
281.0,[133],[43],[93642.26970408212],[293589.6597187163],[0.0]
288.0,[136],[45],[95424.06580558716],[299176.06302334904],[0.0]
293.0,[138],[45],[98212.71193556985],[307919.1711290105],[0.0]
300.0,[142],[46],[98906.97142146295],[310095.79514781735],[0.0]
305.0,[144],[46],[100132.22305580338],[313937.2473133739],[0.0]
312.0,[148],[48],[103657.56624296171],[324990.03968054825],[0.0]
317.0,[151],[48],[105177.20908848845],[329754.42714261037],[0.0]
324.0,[154],[49],[105979.33811795972],[332269.27270141046],[0.0]
331.0,[156],[51],[108606.85267686393],[340507.18828757026],[0.0]
338.0,[159],[52],[109889.24891195842],[344527.6909688307],[0.0]
343.0,[162],[52],[111409.2906382553],[349293.41414280725],[0.0]
350.0,[164],[53],[111409.2906382553],[349293.41414280725],[0.0]
355.0,[168],[53],[115106.66066606653],[360885.55672676244],[0.0]
362.0,[172],[54],[116427.01587485954],[365025.10582722496],[0.0]
369.0,[174],[56],[116427.01587485954],[365025.10582722496],[0.0]
376.0,[178],[57],[116919.78111643682],[366569.99144739617],[0.0]
381.0,[180],[58],[118909.81585580306],[372809.19509643177],[0.0]
388.0,[182],[60],[121477.05956258714],[380858.1298500825],[0.0]
393.0,[185],[61],[124610.46591740307],[390682.0773304663],[0.0]
400.0,[189],[61],[125903.03482508818],[394734.51319410896],[0.0]
405.0,[191],[61],[126621.07587869234],[396985.70649400516],[0.0]
412.0,[194],[63],[128224.1920917594],[402011.79941424256],[0.0]
417.0,[197],[63],[129698.08355497065],[406632.72993470856],[0.0]
424.0,[200],[64],[133668.91217980493],[419082.2698736484],[0.0]
431.0,[203],[66],[135469.29597394535],[424726.8618183891],[0.0]
436.0,[207],[66],[138726.17031045235],[434937.93046131736],[0.0]
443.0,[209],[69],[140591.3842920956],[440785.7785831795],[0.0]
448.0,[211],[69],[141786.06495884267],[444531.3861033724],[0.0]
455.0,[214],[71],[143734.97433225196],[450641.65233193384],[0.0]
460.0,[217],[71],[148146.1098152751],[464471.7007481713],[0.0]
467.0,[220],[74],[150379.96806912296],[471475.37229751865],[0.0]
472.0,[222],[74],[151560.46817929362],[475176.44612521346],[0.0]
479.0,[226],[74],[153615.59499860468],[481619.72979551903],[0.0]
486.0,[230],[75],[156114.8814166672],[489455.5130358241],[0.0]
493.0,[233],[77],[158275.8593692888],[496230.5999447238],[0.0]
500.0,[236],[78],[160395.73272401],[502876.8995076709],[0.0]
505.0,[238],[78],[163433.85493840754],[512402.1939970085],[0.0]
512.0,[241],[79],[165703.00753417824],[519516.41493203153],[0.0]
517.0,[243],[79],[168236.57228464895],[527459.7633871028],[0.0]
524.0,[247],[79],[170900.4555176866],[535811.6064889452],[0.0]
531.0,[251],[81],[174099.37882285364],[545840.9943751466],[0.0]
538.0,[253],[82],[174559.3924382175],[547283.1841683317],[0.0]
543.0,[256],[83],[176192.21090244304],[552402.40472187],[0.0]
550.0,[259],[83],[177386.04759905726],[556145.2766530416],[0.0]
555.0,[261],[83],[177386.04759905726],[556145.2766530416],[0.0]
562.0,[265],[83],[178794.52974491316],[560561.0439935562],[0.0]
569.0,[268],[84],[181611.4571319546],[569392.8317462956],[0.0]
576.0,[271],[86],[183011.63823295085],[573782.6598693051],[0.0]
581.0,[274],[86],[185797.67573981284],[582517.4991503672],[0.0]
588.0,[278],[87],[187844.31104020658],[588934.0843822568],[0.0]
593.0,[279],[87],[188610.51767914262],[591336.2991146164],[0.0]
600.0,[282],[88],[189496.13703754288],[594112.8992343768],[0.0]
605.0,[285],[88],[190345.36675436763],[596775.4169457532],[0.0]
612.0,[288],[90],[191755.4784691935],[601196.3862543537],[0.0]
617.0,[291],[90],[192513.71165111792],[603573.6008350409],[0.0]
624.0,[293],[91],[194623.06278260247],[610186.8993035201],[0.0]
629.0,[296],[91],[194623.06278260247],[610186.8993035201],[0.0]
636.0,[299],[94],[195219.77877168104],[612057.7067306972],[0.0]
641.0,[301],[94],[197079.82181066307],[617889.4403049017],[0.0]
648.0,[305],[94],[200293.86024971685],[627966.1040038036],[0.0]
655.0,[309],[95],[203607.97175261428],[638356.6305044892],[0.0]
662.0,[311],[97],[203607.97175261428],[638356.6305044892],[0.0]
669.0,[315],[98],[205781.7292072922],[645171.86444326],[0.0]
674.0,[317],[99],[207203.26714139464],[649628.6655423194],[0.0]
681.0,[319],[101],[208418.78438815454],[653439.6115074306],[0.0]
686.0,[323],[101],[213501.6953330748],[669375.8698370999],[0.0]
693.0,[326],[101],[216693.57286991764],[679383.1060795013],[0.0]
700.0,[329],[103],[217412.56861173362],[681637.2928307861],[0.0]
707.0,[333],[104],[218067.4537837631],[683690.4765307282],[0.0]
712.0,[335],[105],[219336.40842833792],[687668.958026021],[0.0]
719.0,[337],[107],[220765.5064473277],[692149.4573205638],[0.0]
724.0,[340],[108],[220765.5064473277],[692149.4573205638],[0.0]
731.0,[344],[109],[223058.38781294957],[699338.0850919695],[0.0]
738.0,[346],[109],[225780.8572908706],[707873.7176264396],[0.0]
745.0,[350],[111],[228046.8384881564],[714978.1106765695],[0.0]
750.0,[353],[111],[231437.83162533434],[725609.7622054443],[0.0]
757.0,[357],[113],[233395.95597794803],[731748.8339014101],[0.0]
762.0,[358],[114],[234149.56403523032],[734111.5467175532],[0.0]
769.0,[362],[115],[237684.10728783155],[745193.1891615744],[0.0]
774.0,[364],[115],[237684.10728783155],[745193.1891615744],[0.0]
781.0,[367],[117],[240325.67804719397],[753475.1754719961],[0.0]
786.0,[370],[117],[241781.0243261225],[758037.9650776071],[0.0]
793.0,[373],[118],[242549.53177357544],[760447.393797549],[0.0]
800.0,[375],[119],[243702.21433374513],[764061.3306126628],[0.0]
805.0,[378],[119],[245999.52648797806],[771263.9527186037],[0.0]
812.0,[381],[121],[248003.84253906715],[777547.9173334216],[0.0]
817.0,[384],[121],[249336.0964104069],[781724.7482345197],[0.0]
824.0,[388],[123],[252726.00934423646],[792352.9380674714],[0.0]
829.0,[389],[123],[253483.274375367],[794727.1170800502],[0.0]
836.0,[393],[124],[255565.825803925],[801256.2918858896],[0.0]
841.0,[395],[124],[256282.263872371],[803502.4589732405],[0.0]
848.0,[398],[126],[258907.9223645121],[811734.5597760829],[0.0]
853.0,[402],[126],[258907.9223645121],[811734.5597760829],[0.0]
860.0,[404],[128],[259613.22862583835],[813945.8280839369],[0.0]
865.0,[406],[129],[261304.47331800315],[819248.3325112035],[0.0]
872.0,[410],[129],[261986.53100090116],[821386.7152921614],[0.0]
877.0,[412],[129],[262645.0597513223],[823451.3257540271],[0.0]
884.0,[415],[131],[264703.4602077799],[829904.8884639723],[0.0]
889.0,[417],[131],[266693.8645655057],[836145.2605723937],[0.0]
896.0,[421],[132],[271830.9370396867],[852251.2479420096],[0.0]
903.0,[425],[132],[274264.2057098686],[859880.0585309421],[0.0]
910.0,[427],[134],[274264.2057098686],[859880.0585309421],[0.0]
915.0,[430],[136],[277098.9650249768],[868767.7557871133],[0.0]
922.0,[433],[137],[279009.9317101408],[874759.0550198513],[0.0]
927.0,[436],[137],[281194.1377567785],[881606.9365194038],[0.0]
934.0,[439],[138],[282544.5493169467],[885840.804758451],[0.0]
941.0,[442],[139],[282544.5493169467],[885840.804758451],[0.0]
948.0,[446],[140],[284989.8621476572],[893507.3713309831],[0.0]
955.0,[449],[141],[286745.8423142292],[899012.7392504669],[0.0]
960.0,[451],[141],[286745.8423142292],[899012.7392504669],[0.0]
967.0,[454],[142],[290542.8742570098],[910917.3637508482],[0.0]
972.0,[456],[142],[291422.25385636877],[913674.4099645028],[0.0]
979.0,[460],[144],[297926.41624800983],[934066.6705012493],[0.0]
984.0,[463],[145],[301406.6602858615],[944978.075081401],[0.0]
991.0,[465],[147],[303328.504712515],[951003.4912512855],[0.0]
996.0,[468],[148],[304690.02136949764],[955272.1887140298],[0.0]
1003.0,[471],[148],[306906.9040983812],[962222.5463402354],[0.0]
1008.0,[473],[148],[308874.319577436],[968390.9343889272],[0.0]
1015.0,[477],[150],[313127.3756784757],[981725.2506429912],[0.0]
1020.0,[478],[150],[313127.3756784757],[981725.2506429912],[0.0]
1027.0,[482],[151],[314316.9572809279],[985454.7960251416],[0.0]
1034.0,[485],[153],[315074.7145666624],[987830.5148903908],[0.0]
1039.0,[488],[153],[315849.3307308386],[990259.0919035595],[0.0]
1046.0,[491],[156],[316621.20628338004],[992679.0792146062],[0.0]
1051.0,[494],[156],[318212.2370573913],[997667.2789982689],[0.0]
1058.0,[497],[157],[318212.2370573913],[997667.2789982689],[0.0]
1065.0,[500],[158],[319614.98402512306],[1002065.1547727147],[0.0]
1072.0,[504],[159],[323776.9907185514],[1015114.0196230384],[0.0]
1079.0,[508],[160],[327085.9217896077],[1025488.2310054487],[0.0]
1084.0,[509],[162],[327085.9217896077],[1025488.2310054487],[0.0]
1091.0,[512],[165],[327957.5365045831],[1028220.9282798914],[0.0]
1096.0,[514],[165],[330787.45577774814],[1037093.4360439717],[0.0]
1103.0,[518],[166],[335114.2809086661],[1050659.0218281795],[0.0]
1110.0,[521],[166],[336233.3886758575],[1054167.5864030775],[0.0]
1117.0,[525],[168],[337701.2000937261],[1058769.4407123784],[0.0]
1124.0,[528],[169],[339715.3632310068],[1065084.2876911238],[0.0]
1129.0,[530],[169],[341247.9906277015],[1069889.4665281803],[0.0]
1136.0,[533],[171],[342106.2272466129],[1072580.2096126853],[0.0]
1141.0,[536],[171],[344814.04720792116],[1081069.9079103433],[0.0]
1148.0,[539],[171],[347195.6085210088],[1088536.6711305955],[0.0]
1155.0,[542],[173],[347889.05701243994],[1090710.7475616483],[0.0]
1162.0,[546],[174],[350075.87477456586],[1097566.8338299312],[0.0]
1167.0,[548],[176],[350798.247521258],[1099831.6092464656],[0.0]
1174.0,[551],[178],[352536.81900282914],[1105282.494577135],[0.0]
1179.0,[553],[179],[353325.06326578377],[1107753.8061035597],[0.0]
1186.0,[557],[180],[355281.3433260105],[1113887.281046128],[0.0]
1191.0,[559],[180],[355281.3433260105],[1113887.281046128],[0.0]
1198.0,[562],[183],[357048.6268883435],[1119428.0943443514],[0.0]
1203.0,[565],[183],[359204.67692261224],[1126187.8010095854],[0.0]
1210.0,[567],[184],[359843.7711100889],[1128191.474690003],[0.0]
1215.0,[570],[185],[359843.7711100889],[1128191.474690003],[0.0]
1222.0,[574],[187],[360657.0977715326],[1130741.4289594146],[0.0]
1227.0,[576],[187],[361808.6225484001],[1134351.7272024031],[0.0]
1234.0,[579],[188],[364598.42743681354],[1143098.386896562],[0.0]
1241.0,[583],[189],[366030.260432461],[1147587.437973439],[0.0]
1248.0,[586],[190],[368385.8664664766],[1154972.824079968],[0.0]
1253.0,[588],[191],[369894.7293947831],[1159703.4976425716],[0.0]
1260.0,[591],[193],[371103.8432527224],[1163494.3634570744],[0.0]
1265.0,[594],[193],[372925.7996238145],[1169206.581098858],[0.0]
1272.0,[597],[194],[374759.95144849643],[1174957.0334404204],[0.0]
1279.0,[600],[195],[378201.08179542853],[1185745.8949758068],[0.0]
1286.0,[604],[196],[379620.4847678522],[1190195.977460669],[0.0]
1291.0,[605],[196],[381224.5762166768],[1195225.2259225906],[0.0]
1298.0,[609],[198],[384088.50823615165],[1204204.1739190603],[0.0]
1303.0,[611],[198],[384812.3078239798],[1206473.4232119313],[0.0]
1310.0,[615],[198],[387332.6163309535],[1214375.1175731276],[0.0]
1315.0,[618],[198],[388097.8136497264],[1216774.1676663363],[0.0]
1322.0,[620],[201],[388974.8933894509],[1219524.0070330247],[0.0]
1327.0,[623],[201],[388974.8933894509],[1219524.0070330247],[0.0]
1334.0,[626],[203],[391724.93054303055],[1228145.9794397592],[0.0]
1341.0,[628],[205],[393882.20178433065],[1234909.5271012117],[0.0]
1346.0,[632],[206],[396857.79777422274],[1244238.6838503482],[0.0]
1353.0,[635],[208],[399947.5263385109],[1253925.6786983653],[0.0]
1358.0,[637],[208],[401348.75397317245],[1258318.7894677487],[0.0]
1365.0,[641],[209],[403753.48452891724],[1265858.1143580594],[0.0]
1372.0,[644],[210],[405292.8153298985],[1270684.22352878],[0.0]
1377.0,[646],[211],[406355.60854300373],[1274016.3137502968],[0.0]
1384.0,[649],[214],[406913.8337560378],[1275766.410983638],[0.0]
1389.0,[652],[214],[409563.59750376036],[1284074.087515327],[0.0]
1396.0,[655],[215],[411606.2119532257],[1290478.2468579821],[0.0]
1403.0,[658],[217],[414963.6788670805],[1301004.782555326],[0.0]
1410.0,[663],[217],[416166.4053782152],[1304775.529118645],[0.0]
1415.0,[663],[217],[416166.4053782152],[1304775.529118645],[0.0]
1422.0,[667],[220],[418166.6774102771],[1311046.8260802897],[0.0]
1427.0,[669],[220],[419747.54959915724],[1316003.1872345333],[0.0]
1434.0,[673],[221],[421556.0194505133],[1321673.1423463386],[0.0]
1441.0,[676],[222],[422692.3642853206],[1325235.7332799218],[0.0]
1448.0,[679],[223],[424690.85157703934],[1331501.345171153],[0.0]
1455.0,[683],[224],[427579.85104838695],[1340558.9028444581],[0.0]
1460.0,[684],[224],[427579.85104838695],[1340558.9028444581],[0.0]
1467.0,[688],[226],[429572.40728551784],[1346806.019314096],[0.0]
1472.0,[691],[226],[433522.6955102658],[1359191.159631403],[0.0]
1479.0,[694],[228],[434943.76056672697],[1363646.5598760943],[0.0]
1486.0,[697],[229],[436807.5562916635],[1369489.974169219],[0.0]
1491.0,[700],[229],[437565.87390250165],[1371867.4534706997],[0.0]
1498.0,[703],[232],[439709.05335355067],[1378586.8228291734],[0.0]
1503.0,[704],[232],[439709.05335355067],[1378586.8228291734],[0.0]
1510.0,[707],[234],[440903.32923969335],[1382331.076625699],[0.0]
1515.0,[711],[234],[444509.0568882829],[1393635.800793559],[0.0]
1522.0,[713],[236],[446226.173823669],[1399019.4108399632],[0.0]
1527.0,[716],[237],[448864.2144333557],[1407290.2330333698],[0.0]
1534.0,[721],[237],[450408.07672919537],[1412130.5484930903],[0.0]
1541.0,[723],[238],[451582.54040099337],[1415812.685963495],[0.0]
1548.0,[725],[240],[454127.16414671735],[1423790.6996646996],[0.0]
1553.0,[729],[241],[455833.2481248515],[1429139.6388860897],[0.0]
1560.0,[731],[243],[458218.7824448631],[1436618.8662613083],[0.0]
1565.0,[734],[243],[459969.52448036545],[1442107.802447867],[0.0]
1572.0,[737],[244],[460980.5533115456],[1445277.6123025483],[0.0]
1579.0,[742],[245],[463545.9346702767],[1453320.626679324],[0.0]
1584.0,[742],[245],[463545.9346702767],[1453320.626679324],[0.0]
1591.0,[746],[246],[464823.354997993],[1457325.5416482883],[0.0]
1596.0,[749],[246],[466189.52343562973],[1461608.744367587],[0.0]
1603.0,[752],[246],[467869.2723268243],[1466875.1157074927],[0.0]
1608.0,[755],[246],[468541.63408384804],[1468983.0711812603],[0.0]
1615.0,[758],[249],[470477.6329026782],[1475052.7666232863],[0.0]
1620.0,[760],[249],[473114.07226677384],[1483318.6605880521],[0.0]
1627.0,[763],[250],[475001.26286900975],[1489235.425450585],[0.0]
1634.0,[765],[252],[476606.4488318502],[1494268.0013301966],[0.0]
1639.0,[769],[252],[477690.8916878035],[1497667.8886064219],[0.0]
1646.0,[772],[253],[479912.4937521613],[1504633.1208582718],[0.0]
1651.0,[774],[254],[481445.84457035],[1509440.4734107086],[0.0]
1658.0,[778],[254],[483118.74492769904],[1514685.3722990907],[0.0]
1665.0,[781],[255],[484769.11014931765],[1519859.703111162],[0.0]
1670.0,[783],[255],[485533.3248998815],[1522255.6600629347],[0.0]
1677.0,[787],[258],[489174.7743261952],[1533672.3927777698],[0.0]
1682.0,[789],[258],[489174.7743261952],[1533672.3927777698],[0.0]
1689.0,[792],[259],[492299.7277233796],[1543469.937121803],[0.0]
1696.0,[795],[261],[494818.4163006647],[1551366.548763604],[0.0]
1703.0,[800],[262],[498284.03900804056],[1562232.017278778],[0.0]
1708.0,[800],[262],[498284.03900804056],[1562232.017278778],[0.0]
1715.0,[804],[264],[501820.196774664],[1573318.719651269],[0.0]
1720.0,[807],[264],[502660.01923355577],[1575951.7476374346],[0.0]
1727.0,[810],[265],[506167.1498966226],[1586947.5352938052],[0.0]
1732.0,[813],[265],[507585.5666458566],[1591394.549285577],[0.0]
1739.0,[816],[267],[510594.42540275934],[1600828.0136816576],[0.0]
1744.0,[818],[268],[511990.78193256044],[1605205.849130483],[0.0]
1751.0,[821],[269],[512674.3384637646],[1607348.929853579],[0.0]
1756.0,[823],[269],[512674.3384637646],[1607348.929853579],[0.0]
1763.0,[827],[272],[513396.12677575776],[1609611.862823665],[0.0]
1768.0,[829],[272],[514134.9910943902],[1611928.34737504],[0.0]
1775.0,[831],[276],[516478.05695701245],[1619274.4227707535],[0.0]
1782.0,[836],[277],[518316.1421647368],[1625037.1369288343],[0.0]
1789.0,[839],[279],[520152.84339047235],[1630795.593850721],[0.0]
1794.0,[841],[279],[521141.5119103764],[1633895.2877126844],[0.0]
1801.0,[845],[282],[524242.5785662435],[1643617.7419891136],[0.0]
1806.0,[848],[282],[524967.0478966939],[1645889.0912651005],[0.0]
1813.0,[850],[283],[525683.112449511],[1648134.087180446],[0.0]
1820.0,[853],[284],[527863.7641854694],[1654970.9298235902],[0.0]
1827.0,[858],[286],[531135.5797361381],[1665228.7509462389],[0.0]
1832.0,[859],[286],[531858.2165870725],[1667494.3544651035],[0.0]
1839.0,[862],[288],[534663.6091044884],[1676289.877071349],[0.0]
1844.0,[866],[288],[538278.210637891],[1687622.4553908005],[0.0]
1851.0,[868],[290],[539539.560251074],[1691577.1025953393],[0.0]
1858.0,[871],[292],[542455.7002437643],[1700719.9322743213],[0.0]
1863.0,[872],[293],[543147.1886641781],[1702887.8754494432],[0.0]
1870.0,[876],[295],[547731.2595336855],[1717260.0281436883],[0.0]
1875.0,[879],[295],[549832.1564743654],[1723846.8049849751],[0.0]
1882.0,[882],[297],[553590.6662325806],[1735630.649310986],[0.0]
1889.0,[886],[298],[555913.2854864824],[1742912.515334949],[0.0]
1894.0,[889],[298],[559196.7374006012],[1753206.9079363456],[0.0]
1901.0,[892],[300],[560630.454698337],[1757701.8900829728],[0.0]
1906.0,[894],[301],[561368.2727404761],[1760015.0940681705],[0.0]
1913.0,[897],[302],[562515.365544213],[1763611.389121264],[0.0]
1918.0,[899],[302],[562515.365544213],[1763611.389121264],[0.0]
1925.0,[902],[305],[563670.8151693426],[1767233.9993087049],[0.0]
1930.0,[906],[305],[566165.0655903801],[1775053.9840618446],[0.0]
1937.0,[908],[306],[568694.9306126864],[1782985.7208377223],[0.0]
1944.0,[911],[308],[569897.9470370328],[1786757.3694592484],[0.0]
1951.0,[915],[309],[571281.2226858822],[1791094.2047179544],[0.0]
1956.0,[917],[309],[572083.4030102929],[1793609.211105582],[0.0]
1963.0,[920],[312],[573702.8170002192],[1798686.4002722315],[0.0]
1968.0,[924],[312],[575688.1066921635],[1804910.7249095489],[0.0]
1975.0,[926],[313],[576250.3379325983],[1806673.4100946994],[0.0]
1982.0,[929],[315],[576986.1199079544],[1808980.2332817533],[0.0]
1989.0,[933],[315],[579203.4860691259],[1815932.196010629],[0.0]
1994.0,[934],[315],[579203.4860691259],[1815932.196010629],[0.0]
2001.0,[938],[318],[583343.8936133356],[1828913.316760346],[0.0]
2006.0,[940],[318],[583343.8936133356],[1828913.316760346],[0.0]
2013.0,[944],[319],[586249.5127631465],[1838023.0810718914],[0.0]
2020.0,[947],[320],[588077.3925970255],[1843753.8734134198],[0.0]
2027.0,[950],[322],[589898.0383138179],[1849461.9887231393],[0.0]
2034.0,[954],[322],[591329.5368803529],[1853950.0009846354],[0.0]
2039.0,[955],[323],[591329.5368803529],[1853950.0009846354],[0.0]
2046.0,[958],[325],[593478.7077355018],[1860688.1403507146],[0.0]
2051.0,[961],[325],[594190.6801689756],[1862920.3061002488],[0.0]
2058.0,[965],[326],[598314.2249985154],[1875848.567156889],[0.0]
2063.0,[968],[326],[600306.0373288431],[1882093.3366785143],[0.0]
2070.0,[971],[329],[601015.8199359233],[1884318.635229304],[0.0]
2075.0,[973],[329],[602425.5889744963],[1888738.5157411713],[0.0]
2082.0,[976],[330],[604957.772550298],[1896677.4326044095],[0.0]
2087.0,[978],[330],[605447.920169087],[1898214.1116443987],[0.0]
2094.0,[982],[333],[610738.8561463119],[1914802.6015643133],[0.0]
2099.0,[985],[333],[613470.9294854389],[1923368.2322945283],[0.0]
2106.0,[987],[335],[614211.9852218587],[1925691.5879573345],[0.0]
2113.0,[991],[335],[614929.4576423636],[1927940.9982906727],[0.0]
2118.0,[993],[335],[616515.9554449755],[1932914.9867255965],[0.0]
2125.0,[996],[338],[618921.6163046206],[1940457.217104718],[0.0]
2130.0,[998],[338],[621492.2387677031],[1948516.750320997],[0.0]
2137.0,[1003],[339],[625664.3767377067],[1961597.354504201],[0.0]
2144.0,[1005],[340],[628714.3456295652],[1971159.776047423],[0.0]
2151.0,[1008],[342],[631384.4382176383],[1979531.1780335368],[0.0]
2158.0,[1012],[342],[634419.9715997183],[1989048.2681440967],[0.0]
2163.0,[1013],[342],[635273.0159795018],[1991722.7291158917],[0.0]
2170.0,[1016],[344],[638403.093461986],[2001536.2336763353],[0.0]
2175.0,[1020],[344],[640023.5820276255],[2006616.8026859611],[0.0]
2182.0,[1023],[345],[642730.7657126968],[2015104.4086683725],[0.0]
2189.0,[1026],[347],[646548.4198227503],[2027073.7020352564],[0.0]
2196.0,[1030],[348],[650482.9128362719],[2039409.2090088446],[0.0]
2201.0,[1032],[348],[651789.0777201325],[2043504.2742518617],[0.0]
2208.0,[1035],[351],[655929.7015522614],[2056486.174688755],[0.0]
2213.0,[1037],[351],[656654.3389230878],[2058758.050856394],[0.0]
2220.0,[1040],[354],[658087.7720897307],[2063252.1056678223],[0.0]
2225.0,[1043],[354],[659641.8017362577],[2068124.2836524684],[0.0]
2232.0,[1047],[356],[661292.0705500164],[2073298.2227844961],[0.0]
2237.0,[1048],[356],[661292.0705500164],[2073298.2227844961],[0.0]
2244.0,[1052],[358],[663952.0701789359],[2081637.8918166591],[0.0]
2251.0,[1055],[359],[665134.7296905605],[2085345.804577203],[0.0]
2256.0,[1057],[359],[666505.2376286822],[2089642.5846220474],[0.0]
2263.0,[1061],[361],[668564.0325519554],[2096097.3690683497],[0.0]
2268.0,[1063],[361],[669827.4042301001],[2100058.2463861424],[0.0]
2275.0,[1066],[363],[671013.9333583581],[2103778.2957437066],[0.0]
2282.0,[1070],[363],[672674.0706924745],[2108983.172689891],[0.0]
2287.0,[1071],[363],[674382.9696409681],[2114341.0261936747],[0.0]
2294.0,[1075],[367],[676589.5017106261],[2121258.928183126],[0.0]
2299.0,[1078],[367],[678441.9306042315],[2127066.614516698],[0.0]
2306.0,[1081],[368],[681094.5251989088],[2135383.050933729],[0.0]
2311.0,[1083],[368],[681859.9414997097],[2137782.7876269417],[0.0]
2318.0,[1087],[369],[684481.0123932027],[2146000.400204771],[0.0]
2323.0,[1089],[369],[685662.0203223561],[2149703.038750807],[0.0]
2330.0,[1092],[370],[686230.824283241],[2151486.3313151407],[0.0]
2337.0,[1095],[371],[689837.9418654912],[2162795.502855575],[0.0]
2342.0,[1098],[372],[690613.2981271833],[2165226.4048796287],[0.0]
2349.0,[1101],[374],[691553.877505569],[2168175.3242030605],[0.0]
2354.0,[1103],[374],[693129.6782784882],[2173115.7895702943],[0.0]
2361.0,[1106],[375],[697207.0902811107],[2185899.5046265353],[0.0]
2366.0,[1109],[375],[702632.7691454652],[2202910.442727426],[0.0]
2373.0,[1113],[377],[706154.0849903991],[2213950.517781116],[0.0]
2378.0,[1114],[377],[706917.6693600494],[2216344.510603789],[0.0]
2385.0,[1119],[378],[710156.771557697],[2226499.8411537893],[0.0]
2392.0,[1122],[379],[712496.0886409828],[2233834.085595474],[0.0]
2399.0,[1124],[381],[713219.4882409389],[2236102.080722598],[0.0]
2406.0,[1128],[382],[717046.82029472],[2248101.596156331],[0.0]
2411.0,[1130],[382],[718370.7928366188],[2252252.4897755603],[0.0]
2418.0,[1133],[383],[721156.2851982004],[2260985.6215161253],[0.0]
2423.0,[1136],[383],[722973.7363291415],[2266683.7194573744],[0.0]
2430.0,[1140],[384],[726326.2921451547],[2277194.661592315],[0.0]
2437.0,[1142],[386],[726326.2921451547],[2277194.661592315],[0.0]
2444.0,[1146],[387],[727532.7032348635],[2280977.0396325267],[0.0]
2449.0,[1148],[388],[728259.6499694631],[2283256.1568155475],[0.0]
2456.0,[1150],[391],[729918.6527364199],[2288457.5711922245],[0.0]
2461.0,[1153],[391],[732363.6736835599],[2296123.2162775756],[0.0]
2468.0,[1157],[392],[736143.1683064365],[2307972.866741917],[0.0]
2473.0,[1159],[392],[736143.1683064365],[2307972.866741917],[0.0]
2480.0,[1163],[394],[738167.4861682914],[2314319.4485619282],[0.0]
2485.0,[1164],[394],[738167.4861682914],[2314319.4485619282],[0.0]
2492.0,[1168],[395],[741409.4945451489],[2324483.908709406],[0.0]
2497.0,[1171],[395],[742099.3928341402],[2326646.8573280443],[0.0]
2504.0,[1173],[398],[743344.9372801217],[2330551.8552963245],[0.0]
2509.0,[1177],[398],[746739.5477850734],[2341194.7751784325],[0.0]
2516.0,[1180],[399],[748059.8217407379],[2345334.0636196146],[0.0]
2523.0,[1181],[401],[748059.8217407379],[2345334.0636196146],[0.0]
2528.0,[1185],[402],[751522.2208007541],[2356189.4230558905],[0.0]
2535.0,[1188],[404],[753604.002135563],[2362716.2977987747],[0.0]
2540.0,[1190],[404],[754272.1060188726],[2364810.9100407255],[0.0]
2547.0,[1194],[406],[754779.4842899621],[2366401.608691682],[0.0]
2552.0,[1195],[407],[754779.4842899621],[2366401.608691682],[0.0]
2559.0,[1199],[408],[758984.6443935777],[2379585.761328621],[0.0]
2564.0,[1201],[408],[761171.5614470927],[2386442.2548234304],[0.0]
2571.0,[1205],[409],[764760.8150843417],[2397695.326601606],[0.0]
2576.0,[1208],[409],[766099.6475052544],[2401892.811938411],[0.0]
2583.0,[1211],[411],[767536.4961838988],[2406397.700969631],[0.0]
2588.0,[1213],[411],[768269.5918599936],[2408696.0980947446],[0.0]
2595.0,[1216],[412],[770400.4427820105],[2415376.8081164076],[0.0]
2600.0,[1219],[412],[772229.6125621183],[2421111.6577522475],[0.0]
2607.0,[1221],[414],[774507.6093765312],[2428253.7208635355],[0.0]
2612.0,[1225],[415],[776625.5639120904],[2434894.011417098],[0.0]
2619.0,[1228],[415],[778775.3431182416],[2441633.9760259963],[0.0]
2626.0,[1230],[417],[781568.7434828283],[2450391.9991778685],[0.0]
2633.0,[1234],[418],[783598.2682083461],[2456754.9410655447],[0.0]
2638.0,[1237],[418],[785869.0284443148],[2463874.23057886],[0.0]
2645.0,[1239],[421],[786431.4359807653],[2465637.4581056074],[0.0]
2650.0,[1243],[421],[788588.4830984821],[2472400.2027389994],[0.0]
2657.0,[1246],[422],[789315.5327472214],[2474679.6426091488],[0.0]
2664.0,[1248],[424],[790780.1830290369],[2479271.6963431393],[0.0]
2671.0,[1252],[425],[793200.3257556801],[2486859.43280196],[0.0]
2676.0,[1254],[425],[795454.5967182155],[2493927.107101662],[0.0]
2683.0,[1257],[428],[798606.4289464764],[2503808.8234412507],[0.0]
2688.0,[1259],[428],[800140.5793121075],[2508618.683705388],[0.0]
2695.0,[1264],[429],[805506.5422393287],[2525442.3303989884],[0.0]
2702.0,[1266],[430],[806748.5891077417],[2529336.453560567],[0.0]
2707.0,[1269],[431],[807480.609635308],[2531631.479576366],[0.0]
2714.0,[1273],[432],[808985.3052561642],[2536348.9934162353],[0.0]
2719.0,[1274],[432],[809444.4863623541],[2537788.583873485],[0.0]
2726.0,[1277],[433],[811762.2551673227],[2545055.341329805],[0.0]
2731.0,[1279],[433],[813004.9035011538],[2548951.3419249197],[0.0]
2738.0,[1283],[435],[814616.6568316583],[2554004.5266836933],[0.0]
2743.0,[1285],[435],[815669.5376035603],[2557305.547678539],[0.0]
2750.0,[1287],[437],[817677.2817562389],[2563600.273156008],[0.0]
2755.0,[1291],[437],[820964.331450432],[2573905.9676143755],[0.0]
2762.0,[1295],[440],[825112.1640788043],[2586910.3606326166],[0.0]
2767.0,[1296],[440],[825112.1640788043],[2586910.3606326166],[0.0]
2774.0,[1301],[442],[828113.8288122856],[2596321.2542968746],[0.0]
2781.0,[1304],[442],[829777.0305512323],[2601535.7286971267],[0.0]
2788.0,[1306],[444],[832118.6794007336],[2608877.3683307534],[0.0]
2795.0,[1310],[445],[834573.9434508883],[2616575.1313698143],[0.0]
2800.0,[1312],[445],[835788.0351532953],[2620381.5044122804],[0.0]
2807.0,[1315],[447],[838040.9857614225],[2627445.043956918],[0.0]
2812.0,[1317],[447],[841216.1766594182],[2637400.0807453794],[0.0]
2819.0,[1322],[448],[844016.6583607446],[2646180.2005227176],[0.0]
2826.0,[1324],[449],[844720.1190169937],[2648385.6841539824],[0.0]
2833.0,[1327],[451],[845453.3163834326],[2650684.4022002565],[0.0]
2840.0,[1331],[452],[848320.8394845525],[2659674.6293424848],[0.0]
2845.0,[1332],[453],[849496.333697547],[2663360.075929579],[0.0]
2852.0,[1336],[455],[851547.6672995242],[2669791.391314321],[0.0]
2857.0,[1339],[455],[852328.2593604329],[2672238.710184853],[0.0]
2864.0,[1343],[456],[854686.5733918404],[2679632.4979704325],[0.0]
2869.0,[1345],[456],[855401.525757426],[2681874.0065783123],[0.0]
2876.0,[1348],[458],[856860.4213629863],[2686447.929710278],[0.0]
2881.0,[1350],[458],[856860.4213629863],[2686447.929710278],[0.0]
2888.0,[1353],[461],[859761.0598556673],[2695542.076279792],[0.0]
2895.0,[1356],[462],[862113.9746859181],[2702919.023360565],[0.0]
2900.0,[1359],[463],[864621.7666433861],[2710781.46357211],[0.0]
2907.0,[1362],[465],[867007.5678405841],[2718261.500874017],[0.0]
2912.0,[1365],[465],[869084.1910111356],[2724772.1094964216],[0.0]
2919.0,[1367],[467],[870383.3082867535],[2728845.0754676815],[0.0]
2924.0,[1370],[467],[873365.8809518707],[2738196.1148631526],[0.0]
2931.0,[1374],[469],[874858.1730073362],[2742874.746659212],[0.0]
2936.0,[1375],[470],[875558.0832795335],[2745069.1018609023],[0.0]
2943.0,[1380],[470],[877402.6786071067],[2750852.3037620247],[0.0]
2950.0,[1383],[471],[879091.3737634479],[2756146.7057286142],[0.0]
2957.0,[1385],[473],[879782.7319668478],[2758314.234888228],[0.0]
2964.0,[1389],[474],[882747.9293228528],[2767610.797561796],[0.0]
2969.0,[1391],[475],[884413.5432756649],[2772832.841511313],[0.0]
2976.0,[1394],[478],[887344.5502376193],[2782022.205248949],[0.0]
2981.0,[1397],[478],[890534.4634804918],[2792023.307903608],[0.0]
2988.0,[1401],[479],[891101.2320981716],[2793800.2141584214],[0.0]
2995.0,[1403],[481],[893196.0706092753],[2800368.02186974],[0.0]
3002.0,[1407],[482],[893717.2190453636],[2802001.9007019354],[0.0]
3007.0,[1409],[483],[895242.5168637343],[2806784.0208326587],[0.0]
3014.0,[1411],[484],[897119.145875553],[2812667.7528012875],[0.0]
3019.0,[1414],[484],[901453.9226118921],[2826258.3679495594],[0.0]
3026.0,[1418],[485],[901878.907378513],[2827590.7409245833],[0.0]
3033.0,[1421],[486],[903261.8533015097],[2831926.624290717],[0.0]
3040.0,[1424],[488],[906449.8398180123],[2841921.6945653455],[0.0]
3047.0,[1428],[488],[909874.3379252763],[2852658.2995059523],[0.0]
3052.0,[1430],[488],[911389.9599958417],[2857410.0826892382],[0.0]
3059.0,[1432],[490],[913838.6195703313],[2865087.2277358286],[0.0]
3064.0,[1436],[490],[915037.5954194235],[2868846.215605206],[0.0]
3071.0,[1438],[491],[917644.571087591],[2877019.7127158903],[0.0]
3076.0,[1441],[491],[920140.6709968752],[2884845.5048368815],[0.0]
3083.0,[1445],[493],[921964.0843317475],[2890562.30388221],[0.0]
3088.0,[1447],[493],[923394.2938522015],[2895046.2878100304],[0.0]
3095.0,[1450],[493],[925384.0260305459],[2901284.5482175434],[0.0]
3100.0,[1452],[493],[927157.8956478813],[2906846.0136367623],[0.0]
3107.0,[1456],[496],[929317.8502345518],[2913617.9722383986],[0.0]
3112.0,[1459],[496],[930907.2166905158],[2918600.969211362],[0.0]
3119.0,[1461],[499],[933036.3798315565],[2925276.487105197],[0.0]
3126.0,[1465],[500],[936702.0669124994],[2936769.2291835784],[0.0]
3131.0,[1467],[500],[937994.0093544857],[2940819.785390935],[0.0]
3138.0,[1469],[502],[939361.3841447786],[2945106.73454176],[0.0]
3143.0,[1472],[503],[942905.8785962628],[2956219.5746020284],[0.0]
3150.0,[1476],[504],[944519.3720896281],[2961278.2075916147],[0.0]
3157.0,[1480],[505],[947199.0594471454],[2969679.6075048805],[0.0]
3164.0,[1482],[507],[947199.0594471454],[2969679.6075048805],[0.0]
3169.0,[1486],[507],[950808.7655024654],[2980996.8982791216],[0.0]
3176.0,[1489],[509],[952680.0679340622],[2986863.756986204],[0.0]
3181.0,[1490],[511],[952680.0679340622],[2986863.756986204],[0.0]
3188.0,[1494],[511],[953387.954574216],[2989083.1105973856],[0.0]
3193.0,[1496],[512],[956517.3921381213],[2998894.7154898723],[0.0]
3200.0,[1499],[514],[957736.2584138701],[3002716.0597954053],[0.0]
3205.0,[1501],[514],[959509.7505538262],[3008276.331899967],[0.0]
3212.0,[1504],[515],[963288.8117297869],[3020124.6259024683],[0.0]
3217.0,[1507],[515],[963288.8117297869],[3020124.6259024683],[0.0]
3224.0,[1511],[517],[966963.0896884346],[3031644.27562486],[0.0]
3229.0,[1513],[517],[967667.8007475364],[3033853.671930523],[0.0]
3236.0,[1517],[517],[968906.2225717315],[3037736.4248727616],[0.0]
3243.0,[1520],[518],[970299.4369576534],[3042104.388307307],[0.0]
3250.0,[1523],[520],[974196.617415076],[3054323.0252216067],[0.0]
3255.0,[1525],[520],[974196.617415076],[3054323.0252216067],[0.0]
3262.0,[1528],[524],[976098.9267945492],[3060287.179148473],[0.0]
3267.0,[1530],[525],[977313.8203222115],[3064096.173741687],[0.0]
3274.0,[1534],[525],[982028.4231166723],[3078877.5788987945],[0.0]
3281.0,[1538],[526],[982958.9061045111],[3081794.7595798243],[0.0]
3288.0,[1540],[528],[985641.901264239],[3090206.6169851534],[0.0]
3295.0,[1544],[529],[988064.5087609774],[3097801.9876467553],[0.0]
3300.0,[1546],[530],[988064.5087609774],[3097801.9876467553],[0.0]
3307.0,[1548],[532],[990629.043124145],[3105842.4395051403],[0.0]
3312.0,[1552],[533],[993289.2512053143],[3114182.7647215845],[0.0]
3319.0,[1555],[533],[994838.3097409944],[3119039.4622451174],[0.0]
3324.0,[1557],[533],[994838.3097409944],[3119039.4622451174],[0.0]
3331.0,[1561],[535],[996465.669878437],[3124141.569554712],[0.0]
3336.0,[1562],[535],[997286.2709230935],[3126714.3088786723],[0.0]
3343.0,[1566],[536],[1001608.6671181654],[3140266.043930744],[0.0]
3350.0,[1569],[538],[1005948.6952347055],[3153873.1265459517],[0.0]
3355.0,[1572],[538],[1006708.2825269297],[3156254.5726258084],[0.0]
3362.0,[1575],[541],[1009239.7763616758],[3164191.4356249077],[0.0]
3367.0,[1578],[541],[1010672.8103604469],[3168684.2693610596],[0.0]
3374.0,[1581],[543],[1013614.0859169244],[3177905.8431580663],[0.0]
3379.0,[1583],[543],[1014962.7170102882],[3182134.057254177],[0.0]
3386.0,[1586],[545],[1016207.212016356],[3186035.850553398],[0.0]
3391.0,[1588],[545],[1017109.7175405172],[3188865.3887088173],[0.0]
3398.0,[1592],[546],[1022649.0125380198],[3206232.483497262],[0.0]
3403.0,[1594],[547],[1023341.8227909938],[3208404.563181213],[0.0]
3410.0,[1597],[549],[1024759.1389823932],[3212848.1133798775],[0.0]
3415.0,[1600],[549],[1027016.7517187714],[3219926.270133115],[0.0]
3422.0,[1604],[550],[1028699.8483342942],[3225203.1131140017],[0.0]
3427.0,[1606],[550],[1029413.2465664598],[3227439.7486655503],[0.0]
3434.0,[1609],[552],[1030438.2933786637],[3230653.4045165298],[0.0]
3439.0,[1611],[552],[1030945.8157273016],[3232244.563997082],[0.0]
3446.0,[1614],[553],[1034680.6413347878],[3243954.1656942395],[0.0]
3451.0,[1617],[554],[1035612.8708261254],[3246876.8206252293],[0.0]
3458.0,[1620],[556],[1036957.9308477964],[3251093.9176435433],[0.0]
3463.0,[1623],[556],[1038467.4185150173],[3255826.45388647],[0.0]
3470.0,[1626],[556],[1039230.7859345003],[3258219.7664792724],[0.0]
3477.0,[1629],[558],[1041240.7768404947],[3264521.442194758],[0.0]
3482.0,[1631],[559],[1042096.5463788152],[3267204.4616399673],[0.0]
3489.0,[1635],[560],[1044552.015830912],[3274902.871421051],[0.0]
3494.0,[1637],[560],[1045316.8195915928],[3277300.6875452925],[0.0]
3501.0,[1641],[560],[1046107.3183601963],[3279779.046805607],[0.0]
3508.0,[1644],[561],[1047405.7825228038],[3283849.959591781],[0.0]
3515.0,[1646],[563],[1047405.7825228038],[3283849.959591781],[0.0]
3522.0,[1650],[564],[1051256.8223415304],[3295923.8153442247],[0.0]
3527.0,[1652],[564],[1052263.2844995225],[3299079.2936272128],[0.0]
3534.0,[1655],[566],[1055962.7823779688],[3310678.136072347],[0.0]
3539.0,[1658],[566],[1058834.6770377792],[3319682.1766428975],[0.0]
3546.0,[1662],[567],[1060406.0754627057],[3324608.819989388],[0.0]
3553.0,[1664],[569],[1061067.3579941401],[3326682.0473861895],[0.0]
3560.0,[1668],[570],[1062653.9827844943],[3331656.422973847],[0.0]
3565.0,[1671],[571],[1063364.6411274823],[3333884.46745083],[0.0]
3572.0,[1673],[574],[1064156.70564718],[3336367.756956912],[0.0]
3577.0,[1675],[574],[1066067.479771613],[3342358.5532578994],[0.0]
3584.0,[1679],[574],[1068837.9222922812],[3351044.483233779],[0.0]
3589.0,[1681],[574],[1071561.0457008427],[3359582.163320902],[0.0]
3596.0,[1685],[576],[1073912.3978089283],[3366954.213418763],[0.0]
3601.0,[1689],[576],[1076831.500915754],[3376106.1626423514],[0.0]
